"","Well","Sample_name","Species","Conc","Tot_drop","Positives","Negatives","plate","pres","species_idx","st_idx","sp_st_idx"
"1","B10","2019629_10","Cod",0,18263,0,18263,"Plate_E",0,1,1,1
"2","B03","2019629_10","Cod",0,18727,0,18727,"Plate_G",0,1,1,1
"3","B04","2019629_10","Cod",0,18377,0,18377,"Plate_G",0,1,1,1
"4","B10","2019629_10","Herring",0,18263,0,18263,"Plate_E",0,2,1,172
"5","B03","2019629_10","Herring",0,18727,0,18727,"Plate_G",0,2,1,172
"6","B04","2019629_10","Herring",0,18377,0,18377,"Plate_G",0,2,1,172
"7","F09","2019629_11","Cod",0,18711,0,18711,"Plate_E",0,1,2,2
"8","E01","2019629_11","Cod",0,18411,0,18411,"Plate_G",0,1,2,2
"9","E02","2019629_11","Cod",0.200734362,17584,3,17581,"Plate_G",1,1,2,2
"10","F09","2019629_11","Herring",0.125758484,18711,2,18709,"Plate_E",1,2,2,173
"11","E01","2019629_11","Herring",0.383464992,18411,6,18405,"Plate_G",1,2,2,173
"12","E02","2019629_11","Herring",0.066907644,17584,1,17583,"Plate_G",1,2,2,173
"13","H10","2019629_12","Cod",0,17317,0,17317,"Plate_E",0,1,3,3
"14","A05","2019629_12","Cod",0.073619135,15981,1,15980,"Plate_G",1,1,3,3
"15","A06","2019629_12","Cod",0.068528943,17168,1,17167,"Plate_G",1,1,3,3
"16","A07","2019629_12","Cod",0,17868,0,17868,"Plate_G",0,1,3,3
"17","H10","2019629_12","Herring",0,17317,0,17317,"Plate_E",0,2,3,174
"18","A05","2019629_12","Herring",0,15981,0,15981,"Plate_G",0,2,3,174
"19","A06","2019629_12","Herring",0.068528943,17168,1,17167,"Plate_G",1,2,3,174
"20","A07","2019629_12","Herring",0.065844163,17868,1,17867,"Plate_G",1,2,3,174
"21","F08","2019629_13","Cod",0,15247,0,15247,"Plate_G",0,1,4,4
"22","F09","2019629_13","Cod",0,20260,0,20260,"Plate_G",0,1,4,4
"23","F10","2019629_13","Cod",0,18507,0,18507,"Plate_G",0,1,4,4
"24","F08","2019629_13","Herring",0.385867238,15247,5,15242,"Plate_G",1,2,4,175
"25","F09","2019629_13","Herring",0.58082974,20260,10,20250,"Plate_G",1,2,4,175
"26","F10","2019629_13","Herring",0.572259724,18507,9,18498,"Plate_G",1,2,4,175
"27","E05","2019629_14","Cod",0.183360338,19250,3,19247,"Plate_G",1,1,5,5
"28","E06","2019629_14","Cod",0.062110741,18942,1,18941,"Plate_G",1,1,5,5
"29","E07","2019629_14","Cod",0.131574184,17884,2,17882,"Plate_G",1,1,5,5
"30","E05","2019629_14","Herring",0.366749287,19250,6,19244,"Plate_G",1,2,5,176
"31","E06","2019629_14","Herring",0.186342046,18942,3,18939,"Plate_G",1,2,5,176
"32","E07","2019629_14","Herring",0,17884,0,17884,"Plate_G",0,2,5,176
"33","G09","2019629_15","Cod",0.122664019,19183,2,19181,"Plate_E",1,1,6,6
"34","F01","2019629_15","Cod",0.065495931,17963,1,17962,"Plate_G",1,1,6,6
"35","F02","2019629_15","Cod",0,17247,0,17247,"Plate_G",0,1,6,6
"36","G09","2019629_15","Herring",0,19183,0,19183,"Plate_E",0,2,6,177
"37","F01","2019629_15","Herring",0,17963,0,17963,"Plate_G",0,2,6,177
"38","F02","2019629_15","Herring",0.136434019,17247,2,17245,"Plate_G",1,2,6,177
"39","C09","2019629_16","Cod",0.061218712,19218,1,19217,"Plate_E",1,1,7,7
"40","B01","2019629_16","Cod",0,18912,0,18912,"Plate_G",0,1,7,7
"41","B02","2019629_16","Cod",0.190567836,18522,3,18519,"Plate_G",1,1,7,7
"42","C09","2019629_16","Herring",0.183665693,19218,3,19215,"Plate_E",1,2,7,178
"43","B01","2019629_16","Herring",0.124421827,18912,2,18910,"Plate_G",1,2,7,178
"44","B02","2019629_16","Herring",0.381166577,18522,6,18516,"Plate_G",1,2,7,178
"45","B08","2019629_19","Cod",0,18000,0,18000,"Plate_G",0,1,8,8
"46","B09","2019629_19","Cod",0,19945,0,19945,"Plate_G",0,1,8,8
"47","B10","2019629_19","Cod",0,18819,0,18819,"Plate_G",0,1,8,8
"48","B08","2019629_19","Herring",0.065361291,18000,1,17999,"Plate_G",1,2,8,179
"49","B09","2019629_19","Herring",0,19945,0,19945,"Plate_G",0,2,8,179
"50","B10","2019629_19","Herring",0.312616736,18819,5,18814,"Plate_G",1,2,8,179
"51","F10","2019629_2","Cod",0,16375,0,16375,"Plate_E",0,1,9,9
"52","F03","2019629_2","Cod",0,17773,0,17773,"Plate_G",0,1,9,9
"53","F04","2019629_2","Cod",0.068999186,17051,1,17050,"Plate_G",1,1,9,9
"54","F10","2019629_2","Herring",0,16375,0,16375,"Plate_E",0,2,9,180
"55","F03","2019629_2","Herring",0,17773,0,17773,"Plate_G",0,2,9,180
"56","F04","2019629_2","Herring",0,17051,0,17051,"Plate_G",0,2,9,180
"57","H05","2019629_20","Cod",0.062140264,18933,1,18932,"Plate_G",1,1,10,10
"58","H06","2019629_20","Cod",0,16929,0,16929,"Plate_G",0,1,10,10
"59","H07","2019629_20","Cod",0,17166,0,17166,"Plate_G",0,1,10,10
"60","H05","2019629_20","Herring",0.062140264,18933,1,18932,"Plate_G",1,2,10,181
"61","H06","2019629_20","Herring",0,16929,0,16929,"Plate_G",0,2,10,181
"62","H07","2019629_20","Herring",0,17166,0,17166,"Plate_G",0,2,10,181
"63","C05","2019629_21","Cod",0,14949,0,14949,"Plate_G",0,1,11,11
"64","C06","2019629_21","Cod",0,18776,0,18776,"Plate_G",0,1,11,11
"65","C07","2019629_21","Cod",0,18490,0,18490,"Plate_G",0,1,11,11
"66","C05","2019629_21","Herring",0.078701586,14949,1,14948,"Plate_G",1,2,11,182
"67","C06","2019629_21","Herring",0.187989652,18776,3,18773,"Plate_G",1,2,11,182
"68","C07","2019629_21","Herring",0,18490,0,18490,"Plate_G",0,2,11,182
"69","D09","2019629_22","Cod",0,18301,0,18301,"Plate_E",0,1,12,12
"70","C01","2019629_22","Cod",0.061529282,19121,1,19120,"Plate_G",1,1,12,12
"71","C02","2019629_22","Cod",0,16193,0,16193,"Plate_G",0,1,12,12
"72","D09","2019629_22","Herring",0,18301,0,18301,"Plate_E",0,2,12,183
"73","C01","2019629_22","Herring",0.123061784,19121,2,19119,"Plate_G",1,2,12,183
"74","C02","2019629_22","Herring",0.217979297,16193,3,16190,"Plate_G",1,2,12,183
"75","F05","2019629_23","Cod",0,19006,0,19006,"Plate_G",0,1,13,13
"76","F06","2019629_23","Cod",0,18681,0,18681,"Plate_G",0,1,13,13
"77","F07","2019629_23","Cod",0.06639412,17720,1,17719,"Plate_G",1,1,13,13
"78","F05","2019629_23","Herring",0.061901588,19006,1,19005,"Plate_G",1,2,13,184
"79","F06","2019629_23","Herring",0.125960439,18681,2,18679,"Plate_G",1,2,13,184
"80","F07","2019629_23","Herring",0.132791981,17720,2,17718,"Plate_G",1,2,13,184
"81","A08","2019629_24","Cod",0,16806,0,16806,"Plate_G",0,1,14,14
"82","A09","2019629_24","Cod",0,18660,0,18660,"Plate_G",0,1,14,14
"83","A10","2019629_24","Cod",0,18925,0,18925,"Plate_G",0,1,14,14
"84","A08","2019629_24","Herring",0,16806,0,16806,"Plate_G",0,2,14,185
"85","A09","2019629_24","Herring",0,18660,0,18660,"Plate_G",0,2,14,185
"86","A10","2019629_24","Herring",0.124336354,18925,2,18923,"Plate_G",1,2,14,185
"87","E10","2019629_25","Cod",0,16427,0,16427,"Plate_E",0,1,15,15
"88","E03","2019629_25","Cod",0,17747,0,17747,"Plate_G",0,1,15,15
"89","E04","2019629_25","Cod",0,17241,0,17241,"Plate_G",0,1,15,15
"90","E10","2019629_25","Herring",0.143244922,16427,2,16425,"Plate_E",1,2,15,186
"91","E03","2019629_25","Herring",0.132589951,17747,2,17745,"Plate_G",1,2,15,186
"92","E04","2019629_25","Herring",0,17241,0,17241,"Plate_G",0,2,15,186
"93","D05","2019629_26","Cod",0,18922,0,18922,"Plate_G",0,1,16,16
"94","D05","2019629_26","Herring",0,18922,0,18922,"Plate_G",0,2,16,187
"95","E08","2019629_27","Cod",0.136386573,17253,2,17251,"Plate_G",1,1,17,17
"96","E09","2019629_27","Cod",0.125343129,18773,2,18771,"Plate_G",1,1,17,17
"97","E10","2019629_27","Cod",0,17271,0,17271,"Plate_G",0,1,17,17
"98","E08","2019629_27","Herring",0.068191312,17253,1,17252,"Plate_G",1,2,17,188
"99","E09","2019629_27","Herring",0.062669896,18773,1,18772,"Plate_G",1,2,17,188
"100","E10","2019629_27","Herring",0.272504628,17271,4,17267,"Plate_G",1,2,17,188
"101","D10","2019629_28","Cod",0,18136,0,18136,"Plate_E",0,1,18,18
"102","D03","2019629_28","Cod",0.064657226,18196,1,18195,"Plate_G",1,1,18,18
"103","D04","2019629_28","Cod",0,17278,0,17278,"Plate_G",0,1,18,18
"104","D10","2019629_28","Herring",0,18136,0,18136,"Plate_E",0,2,18,189
"105","D03","2019629_28","Herring",0,18196,0,18196,"Plate_G",0,2,18,189
"106","D04","2019629_28","Herring",0,17278,0,17278,"Plate_G",0,2,18,189
"107","B05","2019629_29","Cod",0.065719105,17902,1,17901,"Plate_G",1,1,19,19
"108","B06","2019629_29","Cod",0,18824,0,18824,"Plate_G",0,1,19,19
"109","B07","2019629_29","Cod",0.066196121,17773,1,17772,"Plate_G",1,1,19,19
"110","B05","2019629_29","Herring",0.131441891,17902,2,17900,"Plate_G",1,2,19,190
"111","B06","2019629_29","Herring",0.125003517,18824,2,18822,"Plate_G",1,2,19,190
"112","B07","2019629_29","Herring",0.198599532,17773,3,17770,"Plate_G",1,2,19,190
"113","D08","2019629_3","Cod",0.431679517,16355,6,16349,"Plate_G",1,1,20,20
"114","D09","2019629_3","Cod",0.255685002,18407,4,18403,"Plate_G",1,1,20,20
"115","D10","2019629_3","Cod",0.281233639,16735,4,16731,"Plate_G",1,1,20,20
"116","D08","2019629_3","Herring",0,16355,0,16355,"Plate_G",0,2,20,191
"117","D09","2019629_3","Herring",0.319614947,18407,5,18402,"Plate_G",1,2,20,191
"118","D10","2019629_3","Herring",0.492202997,16735,7,16728,"Plate_G",1,2,20,191
"119","G08","2019629_30","Cod",0,16282,0,16282,"Plate_G",0,1,21,21
"120","G09","2019629_30","Cod",0.233172253,20184,4,20180,"Plate_G",1,1,21,21
"121","G10","2019629_30","Cod",0.314724207,18693,5,18688,"Plate_G",1,1,21,21
"122","G08","2019629_30","Herring",0.072258115,16282,1,16281,"Plate_G",1,2,21,192
"123","G09","2019629_30","Herring",0,20184,0,20184,"Plate_G",0,2,21,192
"124","G10","2019629_30","Herring",0.062938109,18693,1,18692,"Plate_G",1,2,21,192
"125","A10","2019629_31","Cod",0.065866284,17862,1,17861,"Plate_E",1,1,22,22
"126","A03","2019629_31","Cod",0.123042472,19124,2,19122,"Plate_G",1,1,22,22
"127","A04","2019629_31","Cod",0,16996,0,16996,"Plate_G",0,1,22,22
"128","A10","2019629_31","Herring",0.065866284,17862,1,17861,"Plate_E",1,2,22,193
"129","A03","2019629_31","Herring",0,19124,0,19124,"Plate_G",0,2,22,193
"130","A04","2019629_31","Herring",0.069222473,16996,1,16995,"Plate_G",1,2,22,193
"131","C10","2019629_32","Cod",0.465704978,17687,7,17680,"Plate_E",1,1,23,23
"132","C03","2019629_32","Cod",0.538245738,17490,8,17482,"Plate_G",1,1,23,23
"133","C04","2019629_32","Cod",0.884487629,17298,13,17285,"Plate_G",1,1,23,23
"134","C10","2019629_32","Herring",0,17687,0,17687,"Plate_E",0,2,23,194
"135","C03","2019629_32","Herring",0.3363747,17490,5,17485,"Plate_G",1,2,23,194
"136","C04","2019629_32","Herring",0.068013906,17298,1,17297,"Plate_G",1,2,23,194
"137","G10","2019629_4","Cod",0.193811908,18212,3,18209,"Plate_E",1,1,24,24
"138","G03","2019629_4","Cod",0.067378975,17461,1,17460,"Plate_G",1,1,24,24
"139","G04","2019629_4","Cod",0,16109,0,16109,"Plate_G",0,1,24,24
"140","G10","2019629_4","Herring",0,18212,0,18212,"Plate_E",0,2,24,195
"141","G03","2019629_4","Herring",0,17461,0,17461,"Plate_G",0,2,24,195
"142","G04","2019629_4","Herring",0,16109,0,16109,"Plate_G",0,2,24,195
"143","C08","2019629_5","Cod",0,16946,0,16946,"Plate_G",0,1,25,25
"144","C09","2019629_5","Cod",0,19884,0,19884,"Plate_G",0,1,25,25
"145","C10","2019629_5","Cod",0,17982,0,17982,"Plate_G",0,1,25,25
"146","C08","2019629_5","Herring",0,16946,0,16946,"Plate_G",0,2,25,196
"147","C09","2019629_5","Herring",0.118339337,19884,2,19882,"Plate_G",1,2,25,196
"148","C10","2019629_5","Herring",0,17982,0,17982,"Plate_G",0,2,25,196
"149","H09","2019629_6","Cod",0.488643616,19265,8,19257,"Plate_E",1,1,26,26
"150","H01","2019629_6","Cod",0.546941221,17212,8,17204,"Plate_G",1,1,26,26
"151","H02","2019629_6","Cod",0.0791144,14871,1,14870,"Plate_G",1,1,26,26
"152","H09","2019629_6","Herring",0.244296432,19265,4,19261,"Plate_E",1,2,26,197
"153","H01","2019629_6","Herring",0.341808468,17212,5,17207,"Plate_G",1,2,26,197
"154","H02","2019629_6","Herring",0.316489488,14871,4,14867,"Plate_G",1,2,26,197
"155","E09","2019629_7","Cod",0,18985,0,18985,"Plate_E",0,1,27,27
"156","D01","2019629_7","Cod",0.062954947,18688,1,18687,"Plate_G",1,1,27,27
"157","D02","2019629_7","Cod",0,17689,0,17689,"Plate_G",0,1,27,27
"158","E09","2019629_7","Herring",0.061970059,18985,1,18984,"Plate_E",1,2,27,198
"159","D01","2019629_7","Herring",0,18688,0,18688,"Plate_G",0,2,27,198
"160","D02","2019629_7","Herring",0.066510476,17689,1,17688,"Plate_G",1,2,27,198
"161","G05","2019629_8","Cod",0.178077742,19821,3,19818,"Plate_G",1,1,28,28
"162","G06","2019629_8","Cod",0,20005,0,20005,"Plate_G",0,1,28,28
"163","G07","2019629_8","Cod",0.067494944,17431,1,17430,"Plate_G",1,1,28,28
"164","G05","2019629_8","Herring",0,19821,0,19821,"Plate_G",0,2,28,199
"165","G06","2019629_8","Herring",0.11762353,20005,2,20003,"Plate_G",1,2,28,199
"166","G07","2019629_8","Herring",0.067494944,17431,1,17430,"Plate_G",1,2,28,199
"167","F01","2020620_02","Cod",0.064430602,18260,1,18259,"Plate_D",1,1,29,29
"168","F06","2020620_02","Cod",0,19192,0,19192,"Plate_E",0,1,29,29
"169","D10","2020620_02","Cod",0,17797,0,17797,"Plate_F",0,1,29,29
"170","F01","2020620_02","Herring",0.064430602,18260,1,18259,"Plate_D",1,2,29,200
"171","F06","2020620_02","Herring",0,19192,0,19192,"Plate_E",0,2,29,200
"172","D10","2020620_02","Herring",0,17797,0,17797,"Plate_F",0,2,29,200
"173","G05","2020620_03","Cod",0.26348725,17862,4,17858,"Plate_E",1,1,30,30
"174","E09","2020620_03","Cod",0.584785044,20123,10,20113,"Plate_F",1,1,30,30
"175","G05","2020620_03","Herring",0.461141437,17862,7,17855,"Plate_E",1,2,30,201
"176","E09","2020620_03","Herring",0.526293457,20123,9,20114,"Plate_F",1,2,30,201
"177","C03","2020620_04","Cod",0.253045231,18599,4,18595,"Plate_D",1,1,31,31
"178","B08","2020620_04","Cod",0.43500486,18935,7,18928,"Plate_E",1,1,31,31
"179","H11","2020620_04","Cod",0.18361792,19223,3,19220,"Plate_F",1,1,31,31
"180","C03","2020620_04","Herring",0.063256204,18599,1,18598,"Plate_D",1,2,31,202
"181","B08","2020620_04","Herring",0.186410964,18935,3,18932,"Plate_E",1,2,31,202
"182","H11","2020620_04","Herring",0.18361792,19223,3,19220,"Plate_F",1,2,31,202
"183","F03","2020620_05","Cod",0.491809845,19141,8,19133,"Plate_D",1,1,32,32
"184","E08","2020620_05","Cod",0,17811,0,17811,"Plate_E",0,1,32,32
"185","C12","2020620_05","Cod",0.059824087,19666,1,19665,"Plate_F",1,1,32,32
"186","F03","2020620_05","Herring",0.368838102,19141,6,19135,"Plate_D",1,2,32,203
"187","E08","2020620_05","Herring",0.132113487,17811,2,17809,"Plate_E",1,2,32,203
"188","C12","2020620_05","Herring",0.059824087,19666,1,19665,"Plate_F",1,2,32,203
"189","E03","2020620_06","Cod",0.684591591,18909,11,18898,"Plate_D",1,1,33,33
"190","D08","2020620_06","Cod",0.254427046,18498,4,18494,"Plate_E",1,1,33,33
"191","B12","2020620_06","Cod",0.442080379,18632,7,18625,"Plate_F",1,1,33,33
"192","E03","2020620_06","Herring",0.809105575,18909,13,18896,"Plate_D",1,2,33,204
"193","D08","2020620_06","Herring",0.508909106,18498,8,18490,"Plate_E",1,2,33,204
"194","B12","2020620_06","Herring",0.315754741,18632,5,18627,"Plate_F",1,2,33,204
"195","C01","2020620_07","Cod",0.58483994,18109,9,18100,"Plate_D",1,1,34,34
"196","B06","2020620_07","Cod",0.282839417,16640,4,16636,"Plate_E",1,1,34,34
"197","G09","2020620_07","Cod",0.723485351,21146,13,21133,"Plate_F",1,1,34,34
"198","C01","2020620_07","Herring",0.064967863,18109,1,18108,"Plate_D",1,2,34,205
"199","B06","2020620_07","Herring",0.070703477,16640,1,16639,"Plate_E",1,2,34,205
"200","G09","2020620_07","Herring",0.055636924,21146,1,21145,"Plate_F",1,2,34,205
"201","A04","2020620_08","Cod",0,17903,0,17903,"Plate_D",0,1,35,35
"202","H08","2020620_08","Cod",0.065645762,17922,1,17921,"Plate_E",1,1,35,35
"203","F12","2020620_08","Cod",0.062559918,18806,1,18805,"Plate_F",1,1,35,35
"204","A04","2020620_08","Herring",0.065715432,17903,1,17902,"Plate_D",1,2,35,206
"205","H08","2020620_08","Herring",0,17922,0,17922,"Plate_E",0,2,35,206
"206","F12","2020620_08","Herring",0.062559918,18806,1,18805,"Plate_F",1,2,35,206
"207","C02","2020620_11","Cod",0.454950929,18105,7,18098,"Plate_D",1,1,36,36
"208","B07","2020620_11","Cod",0.143384591,16411,2,16409,"Plate_E",1,1,36,36
"209","H10","2020620_11","Cod",0.272567749,17267,4,17263,"Plate_F",1,1,36,36
"210","C02","2020620_11","Herring",0.19495742,18105,3,18102,"Plate_D",1,2,36,207
"211","B07","2020620_11","Herring",0,16411,0,16411,"Plate_E",0,2,36,207
"212","H10","2020620_11","Herring",0,17267,0,17267,"Plate_F",0,2,36,207
"213","B01","2020620_12","Cod",0.258536547,18204,4,18200,"Plate_D",1,1,37,37
"214","A06","2020620_12","Cod",0,17320,0,17320,"Plate_E",0,1,37,37
"215","F09","2020620_12","Cod",0.059344277,19825,1,19824,"Plate_F",1,1,37,37
"216","B01","2020620_12","Herring",0,18204,0,18204,"Plate_D",0,2,37,208
"217","A06","2020620_12","Herring",0,17320,0,17320,"Plate_E",0,2,37,208
"218","F09","2020620_12","Herring",0,19825,0,19825,"Plate_F",0,2,37,208
"219","B03","2020620_13","Cod",0.124185421,18948,2,18946,"Plate_D",1,1,38,38
"220","A08","2020620_13","Cod",0,15640,0,15640,"Plate_E",0,1,38,38
"221","G11","2020620_13","Cod",0,17958,0,17958,"Plate_F",0,1,38,38
"222","B03","2020620_13","Herring",0.124185421,18948,2,18946,"Plate_D",1,2,38,209
"223","A08","2020620_13","Herring",0,15640,0,15640,"Plate_E",0,2,38,209
"224","G11","2020620_13","Herring",0.065514162,17958,1,17957,"Plate_F",1,2,38,209
"225","H03","2020620_14","Cod",0.495669067,18992,8,18984,"Plate_D",1,1,39,39
"226","G08","2020620_14","Cod",0.273948222,17180,4,17176,"Plate_E",1,1,39,39
"227","E12","2020620_14","Cod",0.128225669,18351,2,18349,"Plate_F",1,1,39,39
"228","H03","2020620_14","Herring",0.061947215,18992,1,18991,"Plate_D",1,2,39,210
"229","G08","2020620_14","Herring",0,17180,0,17180,"Plate_E",0,2,39,210
"230","E12","2020620_14","Herring",0,18351,0,18351,"Plate_F",0,2,39,210
"231","E02","2020620_15","Cod",0.069706447,16878,1,16877,"Plate_D",1,1,40,40
"232","C07","2020620_15","Cod",0,14758,0,14758,"Plate_E",0,1,40,40
"233","B11","2020620_15","Cod",0,18916,0,18916,"Plate_F",0,1,40,40
"234","E02","2020620_15","Herring",0,16878,0,16878,"Plate_D",0,2,40,211
"235","C07","2020620_15","Herring",0,14758,0,14758,"Plate_E",0,2,40,211
"236","B11","2020620_15","Herring",0.062196113,18916,1,18915,"Plate_F",1,2,40,211
"237","F05","2020620_16","Cod",0.066634797,17656,1,17655,"Plate_E",1,1,41,41
"238","D09","2020620_16","Cod",0,19321,0,19321,"Plate_F",0,1,41,41
"239","F05","2020620_16","Herring",0.133273363,17656,2,17654,"Plate_E",1,2,41,212
"240","D09","2020620_16","Herring",0.060892347,19321,1,19320,"Plate_F",1,2,41,212
"241","G03","2020620_17","Cod",0.06331408,18582,1,18581,"Plate_D",1,1,42,42
"242","F08","2020620_17","Cod",0,18260,0,18260,"Plate_E",0,1,42,42
"243","D12","2020620_17","Cod",0,18977,0,18977,"Plate_F",0,1,42,42
"244","G03","2020620_17","Herring",0.06331408,18582,1,18581,"Plate_D",1,2,42,213
"245","F08","2020620_17","Herring",0,18260,0,18260,"Plate_E",0,2,42,213
"246","D12","2020620_17","Herring",0,18977,0,18977,"Plate_F",0,2,42,213
"247","G02","2020620_18","Cod",0.406122983,17384,6,17378,"Plate_D",1,1,43,43
"248","F07","2020620_18","Cod",0,18832,0,18832,"Plate_E",0,1,43,43
"249","E11","2020620_18","Cod",0,20098,0,20098,"Plate_F",0,1,43,43
"250","G02","2020620_18","Herring",0.203043967,17384,3,17381,"Plate_D",1,2,43,214
"251","F07","2020620_18","Herring",0,18832,0,18832,"Plate_E",0,2,43,214
"252","E11","2020620_18","Herring",0.175623208,20098,3,20095,"Plate_F",1,2,43,214
"253","B02","2020620_19","Cod",0.129767329,18133,2,18131,"Plate_D",1,1,44,44
"254","A07","2020620_19","Cod",0.13931796,16890,2,16888,"Plate_E",1,1,44,44
"255","G10","2020620_19","Cod",0.196575329,17956,3,17953,"Plate_F",1,1,44,44
"256","B02","2020620_19","Herring",0,18133,0,18133,"Plate_D",0,2,44,215
"257","A07","2020620_19","Herring",0.069656923,16890,1,16889,"Plate_E",1,2,44,215
"258","G10","2020620_19","Herring",0,17956,0,17956,"Plate_F",0,2,44,215
"259","H02","2020620_20","Cod",0.070818394,16613,1,16612,"Plate_D",1,1,45,45
"260","H07","2020620_20","Cod",0,18616,0,18616,"Plate_E",0,1,45,45
"261","F11","2020620_20","Cod",0.059476279,19781,1,19780,"Plate_F",1,1,45,45
"262","H02","2020620_20","Herring",0,16613,0,16613,"Plate_D",0,2,45,216
"263","H07","2020620_20","Herring",0,18616,0,18616,"Plate_E",0,2,45,216
"264","F11","2020620_20","Herring",0,19781,0,19781,"Plate_F",0,2,45,216
"265","D03","2020620_21","Cod",0.132717088,17730,2,17728,"Plate_D",1,1,46,46
"266","C08","2020620_21","Cod",0,17756,0,17756,"Plate_E",0,1,46,46
"267","A12","2020620_21","Cod",0,19617,0,19617,"Plate_F",0,1,46,46
"268","D03","2020620_21","Herring",0,17730,0,17730,"Plate_D",0,2,46,217
"269","C08","2020620_21","Herring",0,17756,0,17756,"Plate_E",0,2,46,217
"270","A12","2020620_21","Herring",0,19617,0,19617,"Plate_F",0,2,46,217
"271","A02","2020620_22","Cod",0.278817534,16880,4,16876,"Plate_D",1,1,47,47
"272","H06","2020620_22","Cod",0.190938979,18486,3,18483,"Plate_E",1,1,47,47
"273","F10","2020620_22","Cod",0,17740,0,17740,"Plate_F",0,1,47,47
"274","A02","2020620_22","Herring",0.139400512,16880,2,16878,"Plate_D",1,2,47,218
"275","H06","2020620_22","Herring",0,18486,0,18486,"Plate_E",0,2,47,218
"276","F10","2020620_22","Herring",0,17740,0,17740,"Plate_F",0,2,47,218
"277","G01","2020620_23","Cod",0.265718937,17712,4,17708,"Plate_D",1,1,48,48
"278","G06","2020620_23","Cod",0.061891817,19009,1,19008,"Plate_E",1,1,48,48
"279","E10","2020620_23","Cod",0.132672176,17736,2,17734,"Plate_F",1,1,48,48
"280","G01","2020620_23","Herring",0.066424109,17712,1,17711,"Plate_D",1,2,48,219
"281","G06","2020620_23","Herring",0.123786882,19009,2,19007,"Plate_E",1,2,48,219
"282","E10","2020620_23","Herring",0,17736,0,17736,"Plate_F",0,2,48,219
"283","B04","2020620_24","Cod",0,18248,0,18248,"Plate_D",0,1,49,49
"284","A09","2020620_24","Cod",0,17844,0,17844,"Plate_E",0,1,49,49
"285","G12","2020620_24","Cod",0.132187709,17801,2,17799,"Plate_F",1,1,49,49
"286","B04","2020620_24","Herring",0.064472973,18248,1,18247,"Plate_D",1,2,49,220
"287","A09","2020620_24","Herring",0,17844,0,17844,"Plate_E",0,2,49,220
"288","G12","2020620_24","Herring",0,17801,0,17801,"Plate_F",0,2,49,220
"289","D01","2020620_26","Cod",0.249503329,18863,4,18859,"Plate_D",1,1,50,50
"290","D06","2020620_26","Cod",0,18216,0,18216,"Plate_E",0,1,50,50
"291","B10","2020620_26","Cod",0,19985,0,19985,"Plate_F",0,1,50,50
"292","D01","2020620_26","Herring",0.124745049,18863,2,18861,"Plate_D",1,2,50,221
"293","D06","2020620_26","Herring",0,18216,0,18216,"Plate_E",0,2,50,221
"294","B10","2020620_26","Herring",0,19985,0,19985,"Plate_F",0,2,50,221
"295","F02","2020620_27","Cod",0.481779307,17097,7,17090,"Plate_D",1,1,51,51
"296","E07","2020620_27","Cod",0.065191068,18047,1,18046,"Plate_E",1,1,51,51
"297","D11","2020620_27","Cod",0,18828,0,18828,"Plate_F",0,1,51,51
"298","F02","2020620_27","Herring",0.2752783,17097,4,17093,"Plate_D",1,2,51,222
"299","E07","2020620_27","Herring",0,18047,0,18047,"Plate_E",0,2,51,222
"300","D11","2020620_27","Herring",0.06248682,18828,1,18827,"Plate_F",1,2,51,222
"301","E01","2020620_28","Cod",0.197842538,17841,3,17838,"Plate_D",1,1,52,52
"302","E06","2020620_28","Cod",0.132642269,17740,2,17738,"Plate_E",1,1,52,52
"303","C10","2020620_28","Cod",0.063684225,18474,1,18473,"Plate_F",1,1,52,52
"304","E01","2020620_28","Herring",0.197842538,17841,3,17838,"Plate_D",1,2,52,223
"305","E06","2020620_28","Herring",0,17740,0,17740,"Plate_E",0,2,52,223
"306","C10","2020620_28","Herring",0,18474,0,18474,"Plate_F",0,2,52,223
"307","D05","2020620_29","Cod",0,18451,0,18451,"Plate_E",0,1,53,53
"308","B09","2020620_29","Cod",0,20360,0,20360,"Plate_F",0,1,53,53
"309","D05","2020620_29","Herring",0.063763618,18451,1,18450,"Plate_E",1,2,53,224
"310","B09","2020620_29","Herring",0.057784848,20360,1,20359,"Plate_F",1,2,53,224
"311","D07","2020620_30","Cod",0,15115,0,15115,"Plate_E",0,1,54,54
"312","C11","2020620_30","Cod",0.122275174,19244,2,19242,"Plate_F",1,1,54,54
"313","H12","2020620_30","Cod",0.121649317,19343,2,19341,"Plate_F",1,1,54,54
"314","D07","2020620_30","Herring",0,15115,0,15115,"Plate_E",0,2,54,225
"315","C11","2020620_30","Herring",0.061136,19244,1,19243,"Plate_F",1,2,54,225
"316","H12","2020620_30","Herring",0,19343,0,19343,"Plate_F",0,2,54,225
"317","C06","2020620_31","Cod",0,17967,0,17967,"Plate_E",0,1,55,55
"318","H09","2020620_31","Cod",0.057682849,20396,1,20395,"Plate_F",1,1,55,55
"319","C06","2020620_31","Herring",0,17967,0,17967,"Plate_E",0,2,55,226
"320","H09","2020620_31","Herring",0,20396,0,20396,"Plate_F",0,2,55,226
"321","E05","2020620_32","Cod",0.12713103,18509,2,18507,"Plate_E",1,1,56,56
"322","C09","2020620_32","Cod",0.173550591,20338,3,20335,"Plate_F",1,1,56,56
"323","E05","2020620_32","Herring",0.063563801,18509,1,18508,"Plate_E",1,2,56,227
"324","C09","2020620_32","Herring",0,20338,0,20338,"Plate_F",0,2,56,227
"325","A08","2021607_254","Cod",0,18750,0,18750,"Plate_H",0,1,57,57
"326","F11","2021607_254","Cod",0,19623,0,19623,"Plate_I",0,1,57,57
"327","F12","2021607_254","Cod",0.063666992,18479,1,18478,"Plate_I",1,1,57,57
"328","A08","2021607_254","Saithe",0,18750,0,18750,"Plate_H",0,3,57,268
"329","F11","2021607_254","Saithe",0,19623,0,19623,"Plate_I",0,3,57,268
"330","F12","2021607_254","Saithe",0,18479,0,18479,"Plate_I",0,3,57,268
"331","A02","2021607_256","Cod",1.393814921,19425,23,19402,"Plate_J",1,1,58,58
"332","A03","2021607_256","Cod",1.257905126,19651,21,19630,"Plate_J",1,1,58,58
"333","A04","2021607_256","Cod",1.11796391,18951,18,18933,"Plate_J",1,1,58,58
"334","A02","2021607_256","Saithe",0,19425,0,19425,"Plate_J",0,3,58,269
"335","A03","2021607_256","Saithe",0.119742557,19651,2,19649,"Plate_J",1,3,58,269
"336","A04","2021607_256","Saithe",0,18951,0,18951,"Plate_J",0,3,58,269
"337","D06","2021607_257","Cod",0.884808362,19952,15,19937,"Plate_H",1,1,59,59
"338","G03","2021607_257","Cod",1.441606164,19598,24,19574,"Plate_J",1,1,59,59
"339","G04","2021607_257","Cod",1.57964468,19377,26,19351,"Plate_J",1,1,59,59
"340","D06","2021607_257","Saithe",0,19952,0,19952,"Plate_H",0,3,59,270
"341","G03","2021607_257","Saithe",0,19598,0,19598,"Plate_J",0,3,59,270
"342","G04","2021607_257","Saithe",0,19377,0,19377,"Plate_J",0,3,59,270
"343","E07","2021607_258","Cod",1.117474556,17906,17,17889,"Plate_H",1,1,60,60
"344","B11","2021607_258","Cod",0.960629225,19603,16,19587,"Plate_I",1,1,60,60
"345","B12","2021607_258","Cod",0.27693063,16995,4,16991,"Plate_I",1,1,60,60
"346","E07","2021607_258","Saithe",0.197124287,17906,3,17903,"Plate_H",1,3,60,271
"347","B11","2021607_258","Saithe",0,19603,0,19603,"Plate_I",0,3,60,271
"348","B12","2021607_258","Saithe",0,16995,0,16995,"Plate_I",0,3,60,271
"349","H09","2021607_259","Cod",1.436202407,21311,26,21285,"Plate_H",1,1,61,61
"350","D03","2021607_259","Cod",0.816448331,18739,13,18726,"Plate_J",1,1,61,61
"351","D04","2021607_259","Cod",1.369616389,19768,23,19745,"Plate_J",1,1,61,61
"352","H09","2021607_259","Saithe",0.05520615,21311,1,21310,"Plate_H",1,3,61,272
"353","D03","2021607_259","Saithe",0.062783606,18739,1,18738,"Plate_J",1,3,61,272
"354","D04","2021607_259","Saithe",0.059515394,19768,1,19767,"Plate_J",1,3,61,272
"355","C08","2021607_260","Cod",0,18911,0,18911,"Plate_H",0,1,62,62
"356","H11","2021607_260","Cod",1.143870354,19551,19,19532,"Plate_I",1,1,62,62
"357","H12","2021607_260","Cod",1.082280397,18488,17,18471,"Plate_I",1,1,62,62
"358","C08","2021607_260","Saithe",0,18911,0,18911,"Plate_H",0,3,62,273
"359","H11","2021607_260","Saithe",0.060175981,19551,1,19550,"Plate_I",1,3,62,273
"360","H12","2021607_260","Saithe",0.190918341,18488,3,18485,"Plate_I",1,3,62,273
"361","H08","2021607_261","Cod",0.472122639,19939,8,19931,"Plate_H",1,1,63,63
"362","D01","2021607_261","Cod",0.582916141,16150,8,16142,"Plate_J",1,1,63,63
"363","D02","2021607_261","Cod",0.524832606,20179,9,20170,"Plate_J",1,1,63,63
"364","H08","2021607_261","Saithe",0.05900497,19939,1,19938,"Plate_H",1,3,63,274
"365","D01","2021607_261","Saithe",0.07284873,16150,1,16149,"Plate_J",1,3,63,274
"366","D02","2021607_261","Saithe",0,20179,0,20179,"Plate_J",0,3,63,274
"367","E08","2021607_264","Cod",1.754364014,20804,31,20773,"Plate_H",1,1,64,64
"368","E05","2021607_264","Cod",1.081753612,18497,17,18480,"Plate_J",1,1,64,64
"369","E06","2021607_264","Cod",1.463402033,16893,21,16872,"Plate_J",1,1,64,64
"370","E08","2021607_264","Saithe",0,20804,0,20804,"Plate_H",0,3,64,275
"371","E05","2021607_264","Saithe",0.127213523,18497,2,18495,"Plate_J",1,3,64,275
"372","E06","2021607_264","Saithe",0.069644548,16893,1,16892,"Plate_J",1,3,64,275
"373","F09","2021607_265","Cod",0.503542304,21032,9,21023,"Plate_H",1,1,65,65
"374","C03","2021607_265","Cod",0.431653112,19082,7,19075,"Plate_J",1,1,65,65
"375","C04","2021607_265","Cod",0.661631286,19565,11,19554,"Plate_J",1,1,65,65
"376","F09","2021607_265","Saithe",0.055938501,21032,1,21031,"Plate_H",1,3,65,276
"377","C03","2021607_265","Saithe",0.123313308,19082,2,19080,"Plate_J",1,3,65,276
"378","C04","2021607_265","Saithe",0,19565,0,19565,"Plate_J",0,3,65,276
"379","G09","2021607_266","Cod",0.516738772,20495,9,20486,"Plate_H",1,1,66,66
"380","B03","2021607_266","Cod",0.290207088,20272,5,20267,"Plate_J",1,1,66,66
"381","B04","2021607_266","Cod",0.533130348,19865,9,19856,"Plate_J",1,1,66,66
"382","G09","2021607_266","Saithe",0,20495,0,20495,"Plate_H",0,3,66,277
"383","B03","2021607_266","Saithe",0,20272,0,20272,"Plate_J",0,3,66,277
"384","B04","2021607_266","Saithe",0,19865,0,19865,"Plate_J",0,3,66,277
"385","B07","2021607_267","Cod",1.235269547,19058,20,19038,"Plate_H",1,1,67,67
"386","C05","2021607_267","Cod",1.005606294,19897,17,19880,"Plate_J",1,1,67,67
"387","C06","2021607_267","Cod",1.308425307,17993,20,17973,"Plate_J",1,1,67,67
"388","B07","2021607_267","Saithe",0.1234686,19058,2,19056,"Plate_H",1,3,67,278
"389","C05","2021607_267","Saithe",0.059129525,19897,1,19896,"Plate_J",1,3,67,278
"390","C06","2021607_267","Saithe",0,17993,0,17993,"Plate_J",0,3,67,278
"391","E09","2021607_268","Cod",0,20653,0,20653,"Plate_H",0,1,68,68
"392","G01","2021607_268","Cod",0,21793,0,21793,"Plate_J",0,1,68,68
"393","G02","2021607_268","Cod",0.110914543,21215,2,21213,"Plate_J",1,1,68,68
"394","E09","2021607_268","Saithe",0,20653,0,20653,"Plate_H",0,3,68,279
"395","G01","2021607_268","Saithe",0,21793,0,21793,"Plate_J",0,3,68,279
"396","G02","2021607_268","Saithe",0,21215,0,21215,"Plate_J",0,3,68,279
"397","D09","2021607_269","Cod",1.411482573,20850,25,20825,"Plate_H",1,1,69,69
"398","H05","2021607_269","Cod",0.383081496,21501,7,21494,"Plate_J",1,1,69,69
"399","H06","2021607_269","Cod",0.910391271,16806,13,16793,"Plate_J",1,1,69,69
"400","D09","2021607_269","Saithe",0,20850,0,20850,"Plate_H",0,3,69,280
"401","H05","2021607_269","Saithe",0.05471829,21501,1,21500,"Plate_J",1,3,69,280
"402","H06","2021607_269","Saithe",0,16806,0,16806,"Plate_J",0,3,69,280
"403","D07","2021607_270","Cod",1.968138814,18546,31,18515,"Plate_H",1,1,70,70
"404","F09","2021607_270","Cod",2.652829885,19979,45,19934,"Plate_J",1,1,70,70
"405","G09","2021607_270","Cod",1.766472697,19995,30,19965,"Plate_J",1,1,70,70
"406","D07","2021607_270","Saithe",0.063436985,18546,1,18545,"Plate_H",1,3,70,281
"407","F09","2021607_270","Saithe",0.11777661,19979,2,19977,"Plate_J",1,3,70,281
"408","G09","2021607_270","Saithe",0,19995,0,19995,"Plate_J",0,3,70,281
"409","G07","2021607_271","Cod",0.925886154,17796,14,17782,"Plate_H",1,1,71,71
"410","D11","2021607_271","Cod",1.263178945,19569,21,19548,"Plate_I",1,1,71,71
"411","D12","2021607_271","Cod",0.268004,17561,4,17557,"Plate_I",1,1,71,71
"412","G07","2021607_271","Saithe",0.132224843,17796,2,17794,"Plate_H",1,3,71,282
"413","D11","2021607_271","Saithe",0.120244332,19569,2,19567,"Plate_I",1,3,71,282
"414","D12","2021607_271","Saithe",0.133994371,17561,2,17559,"Plate_I",1,3,71,282
"415","H07","2021607_272","Cod",0.283401519,16607,4,16603,"Plate_H",1,1,72,72
"416","E11","2021607_272","Cod",0.312268257,18840,5,18835,"Plate_I",1,1,72,72
"417","E12","2021607_272","Cod",0.515797913,18251,8,18243,"Plate_I",1,1,72,72
"418","H07","2021607_272","Saithe",0.07084398,16607,1,16606,"Plate_H",1,3,72,283
"419","E11","2021607_272","Saithe",0,18840,0,18840,"Plate_I",0,3,72,283
"420","E12","2021607_272","Saithe",0,18251,0,18251,"Plate_I",0,3,72,283
"421","G08","2021607_274","Cod",0,20275,0,20275,"Plate_H",0,1,73,73
"422","C01","2021607_274","Cod",0,20466,0,20466,"Plate_J",0,1,73,73
"423","C02","2021607_274","Cod",0,20715,0,20715,"Plate_J",0,1,73,73
"424","G08","2021607_274","Saithe",0,20275,0,20275,"Plate_H",0,3,73,284
"425","C01","2021607_274","Saithe",0,20466,0,20466,"Plate_J",0,3,73,284
"426","C02","2021607_274","Saithe",0,20715,0,20715,"Plate_J",0,3,73,284
"427","F07","2021607_275","Cod",0.357448578,16459,5,16454,"Plate_H",1,1,74,74
"428","C11","2021607_275","Cod",0.800424814,19114,13,19101,"Plate_I",1,1,74,74
"429","C12","2021607_275","Cod",0.384070069,18382,6,18376,"Plate_I",1,1,74,74
"430","F07","2021607_275","Saithe",0,16459,0,16459,"Plate_H",0,3,74,285
"431","C11","2021607_275","Saithe",0,19114,0,19114,"Plate_I",0,3,74,285
"432","C12","2021607_275","Saithe",0.128009424,18382,2,18380,"Plate_I",1,3,74,285
"433","G06","2021607_276","Cod",0.1123605,20942,2,20940,"Plate_H",1,1,75,75
"434","H09","2021607_276","Cod",0.324123353,18151,5,18146,"Plate_I",1,1,75,75
"435","H10","2021607_276","Cod",0.169434816,20832,3,20829,"Plate_I",1,1,75,75
"436","G06","2021607_276","Saithe",0,20942,0,20942,"Plate_H",0,3,75,286
"437","H09","2021607_276","Saithe",0.129638627,18151,2,18149,"Plate_I",1,3,75,286
"438","H10","2021607_276","Saithe",0.056475557,20832,1,20831,"Plate_I",1,3,75,286
"439","D08","2021607_277","Cod",1.14134264,18563,18,18545,"Plate_H",1,1,76,76
"440","B01","2021607_277","Cod",1.062222719,19945,18,19927,"Plate_J",1,1,76,76
"441","B02","2021607_277","Cod",0.698748767,18526,11,18515,"Plate_J",1,1,76,76
"442","D08","2021607_277","Saithe",0,18563,0,18563,"Plate_H",0,3,76,287
"443","B01","2021607_277","Saithe",0,19945,0,19945,"Plate_J",0,3,76,287
"444","B02","2021607_277","Saithe",0.063505471,18526,1,18525,"Plate_J",1,3,76,287
"445","H05","2021607_278","Cod",0.125229716,18790,2,18788,"Plate_H",1,1,77,77
"446","E09","2021607_278","Cod",0.322205931,18259,5,18254,"Plate_I",1,1,77,77
"447","E10","2021607_278","Cod",0.236928925,19864,4,19860,"Plate_I",1,1,77,77
"448","H05","2021607_278","Saithe",0,18790,0,18790,"Plate_H",0,3,77,288
"449","E09","2021607_278","Saithe",0,18259,0,18259,"Plate_I",0,3,77,288
"450","E10","2021607_278","Saithe",0.059227757,19864,1,19863,"Plate_I",1,3,77,288
"451","A09","2021607_279","Cod",0.174313456,20249,3,20246,"Plate_H",1,1,78,78
"452","E01","2021607_279","Cod",0.222753122,21128,4,21124,"Plate_J",1,1,78,78
"453","E02","2021607_279","Cod",0,20820,0,20820,"Plate_J",0,1,78,78
"454","A09","2021607_279","Saithe",0.058101617,20249,1,20248,"Plate_H",1,3,78,289
"455","E01","2021607_279","Saithe",0,21128,0,21128,"Plate_J",0,3,78,289
"456","E02","2021607_279","Saithe",0,20820,0,20820,"Plate_J",0,3,78,289
"457","C09","2021607_280","Cod",1.5222826,20880,27,20853,"Plate_H",1,1,79,79
"458","F01","2021607_280","Cod",1.203998446,21508,22,21486,"Plate_J",1,1,79,79
"459","F02","2021607_280","Cod",1.343836784,20147,23,20124,"Plate_J",1,1,79,79
"460","C09","2021607_280","Saithe",0,20880,0,20880,"Plate_H",0,3,79,290
"461","F01","2021607_280","Saithe",0.054700483,21508,1,21507,"Plate_J",1,3,79,290
"462","F02","2021607_280","Saithe",0.058395777,20147,1,20146,"Plate_J",1,3,79,290
"463","B09","2021607_281","Cod",0.325591505,21683,6,21677,"Plate_H",1,1,80,80
"464","G05","2021607_281","Cod",0.540037036,21790,10,21780,"Plate_J",1,1,80,80
"465","G06","2021607_281","Cod",0.412434906,17118,6,17112,"Plate_J",1,1,80,80
"466","B09","2021607_281","Saithe",0.054258991,21683,1,21682,"Plate_H",1,3,80,291
"467","G05","2021607_281","Saithe",0.053992543,21790,1,21789,"Plate_J",1,3,80,291
"468","G06","2021607_281","Saithe",0.06872911,17118,1,17117,"Plate_J",1,3,80,291
"469","F08","2021607_282","Cod",0.396451771,20776,7,20769,"Plate_H",1,1,81,81
"470","F05","2021607_282","Cod",0.333624333,21161,6,21155,"Plate_J",1,1,81,81
"471","F06","2021607_282","Cod",0.546338022,17231,8,17223,"Plate_J",1,1,81,81
"472","F08","2021607_282","Saithe",0,20776,0,20776,"Plate_H",0,3,81,292
"473","F05","2021607_282","Saithe",0.055597484,21161,1,21160,"Plate_J",1,3,81,292
"474","F06","2021607_282","Saithe",0.136560723,17231,2,17229,"Plate_J",1,3,81,292
"475","A02","2021607_283","Cod",2.04157114,19033,33,19000,"Plate_I",1,1,82,82
"476","A03","2021607_283","Cod",1.519806266,20914,27,20887,"Plate_I",1,1,82,82
"477","A04","2021607_283","Cod",1.533008814,20734,27,20707,"Plate_I",1,1,82,82
"478","A02","2021607_283","Saithe",0.247274563,19033,4,19029,"Plate_I",1,3,82,293
"479","A03","2021607_283","Saithe",0.112510934,20914,2,20912,"Plate_I",1,3,82,293
"480","A04","2021607_283","Saithe",0,20734,0,20734,"Plate_I",0,3,82,293
"481","B08","2021607_285","Cod",0,19312,0,19312,"Plate_H",0,1,83,83
"482","G11","2021607_285","Cod",0,20022,0,20022,"Plate_I",0,1,83,83
"483","G12","2021607_285","Cod",0.060688172,19386,1,19385,"Plate_I",1,1,83,83
"484","B08","2021607_285","Saithe",0,19312,0,19312,"Plate_H",0,3,83,294
"485","G11","2021607_285","Saithe",0,20022,0,20022,"Plate_I",0,3,83,294
"486","G12","2021607_285","Saithe",0,19386,0,19386,"Plate_I",0,3,83,294
"487","A06","2021607_286","Cod",0,20768,0,20768,"Plate_H",0,1,84,84
"488","F09","2021607_286","Cod",6.676121235,18379,104,18275,"Plate_I",1,1,84,84
"489","F10","2021607_286","Cod",6.51474762,21006,116,20890,"Plate_I",1,1,84,84
"490","A06","2021607_286","Saithe",0,20768,0,20768,"Plate_H",0,3,84,295
"491","F09","2021607_286","Saithe",0.128030315,18379,2,18377,"Plate_I",1,3,84,295
"492","F10","2021607_286","Saithe",0.112018146,21006,2,21004,"Plate_I",1,3,84,295
"493","C06","2021607_287","Cod",3.054913521,19666,51,19615,"Plate_H",1,1,85,85
"494","G09","2021607_287","Cod",2.953860521,18344,46,18298,"Plate_I",1,1,85,85
"495","G10","2021607_287","Cod",3.725562811,21191,67,21124,"Plate_I",1,1,85,85
"496","C06","2021607_287","Saithe",0.119651213,19666,2,19664,"Plate_H",1,3,85,296
"497","G09","2021607_287","Saithe",0,18344,0,18344,"Plate_I",0,3,85,296
"498","G10","2021607_287","Saithe",0.055518776,21191,1,21190,"Plate_I",1,3,85,296
"499","A07","2021607_288","Cod",1.636807799,19420,27,19393,"Plate_H",1,1,86,86
"500","A11","2021607_288","Cod",1.844101429,17877,28,17849,"Plate_I",1,1,86,86
"501","A12","2021607_288","Cod",0.956285834,19692,16,19676,"Plate_I",1,1,86,86
"502","A07","2021607_288","Saithe",0.121166959,19420,2,19418,"Plate_H",1,3,86,297
"503","A11","2021607_288","Saithe",0.131625712,17877,2,17875,"Plate_I",1,3,86,297
"504","A12","2021607_288","Saithe",0.119493231,19692,2,19690,"Plate_I",1,3,86,297
"505","H06","2021607_289","Cod",3.434443235,20240,59,20181,"Plate_H",1,1,87,87
"506","B05","2021607_289","Cod",2.826183796,20422,49,20373,"Plate_J",1,1,87,87
"507","B06","2021607_289","Cod",3.06286025,17692,46,17646,"Plate_J",1,1,87,87
"508","H06","2021607_289","Saithe",0.232527032,20240,4,20236,"Plate_H",1,3,87,298
"509","B05","2021607_289","Saithe",0.172836691,20422,3,20419,"Plate_J",1,3,87,298
"510","B06","2021607_289","Saithe",0,17692,0,17692,"Plate_J",0,3,87,298
"511","F06","2021607_290","Cod",8.693171501,19560,144,19416,"Plate_H",1,1,88,88
"512","H03","2021607_290","Cod",8.605644226,19621,143,19478,"Plate_J",1,1,88,88
"513","H04","2021607_290","Cod",8.894806862,19251,145,19106,"Plate_J",1,1,88,88
"514","F06","2021607_290","Saithe",0.240611643,19560,4,19556,"Plate_H",1,3,88,299
"515","H03","2021607_290","Saithe",0.119925648,19621,2,19619,"Plate_J",1,3,88,299
"516","H04","2021607_290","Saithe",0.244474128,19251,4,19247,"Plate_J",1,3,88,299
"517","A07","2021607_291","Cod",1.702152133,18675,27,18648,"Plate_J",1,1,89,89
"518","A08","2021607_291","Cod",1.156748056,20351,20,20331,"Plate_J",1,1,89,89
"519","A09","2021607_291","Cod",2.09876442,20759,37,20722,"Plate_J",1,1,89,89
"520","A07","2021607_291","Saithe",0.126000911,18675,2,18673,"Plate_J",1,3,89,300
"521","A08","2021607_291","Saithe",0,20351,0,20351,"Plate_J",0,3,89,300
"522","A09","2021607_291","Saithe",0.056674164,20759,1,20758,"Plate_J",1,3,89,300
"523","E06","2021607_292","Cod",8.619305611,19864,145,19719,"Plate_H",1,1,90,90
"524","D09","2021607_292","Cod",7.925127983,17427,117,17310,"Plate_J",1,1,90,90
"525","E09","2021607_292","Cod",9.340443611,19727,156,19571,"Plate_J",1,1,90,90
"526","E06","2021607_292","Saithe",0.059227757,19864,1,19863,"Plate_H",1,3,90,301
"527","D09","2021607_292","Saithe",0.202542916,17427,3,17424,"Plate_J",1,3,90,301
"528","E09","2021607_292","Saithe",0.11928121,19727,2,19725,"Plate_J",1,3,90,301
"529","C07","2021607_293","Cod",4.732563496,19180,77,19103,"Plate_H",1,1,91,91
"530","D05","2021607_293","Cod",5.46502161,20930,97,20833,"Plate_J",1,1,91,91
"531","D06","2021607_293","Cod",5.803078651,17478,86,17392,"Plate_J",1,1,91,91
"532","C07","2021607_293","Saithe",0.122683205,19180,2,19178,"Plate_H",1,3,91,302
"533","D05","2021607_293","Saithe",0.168641403,20930,3,20927,"Plate_J",1,3,91,302
"534","D06","2021607_293","Saithe",0,17478,0,17478,"Plate_J",0,3,91,302
"535","B06","2021607_294","Cod",1.404157996,19282,23,19259,"Plate_H",1,1,92,92
"536","F03","2021607_294","Cod",1.221505642,18309,19,18290,"Plate_J",1,1,92,92
"537","F04","2021607_294","Cod",1.55832541,18131,24,18107,"Plate_J",1,1,92,92
"538","B06","2021607_294","Saithe",0.061015513,19282,1,19281,"Plate_H",1,3,92,303
"539","F03","2021607_294","Saithe",0.128519833,18309,2,18307,"Plate_J",1,3,92,303
"540","F04","2021607_294","Saithe",0.064889029,18131,1,18130,"Plate_J",1,3,92,303
"541","C04","2021624_10","Cod",0,18630,0,18630,"Plate_D",0,1,93,93
"542","B01","2021624_10","Cod",0.121079661,19434,2,19432,"Plate_F",1,1,93,93
"543","B02","2021624_10","Cod",0,18536,0,18536,"Plate_F",0,1,93,93
"544","C04","2021624_10","Herring",5.760663033,18630,91,18539,"Plate_D",1,2,93,228
"545","B01","2021624_10","Herring",5.704257965,19434,94,19340,"Plate_F",1,2,93,228
"546","B02","2021624_10","Herring",6.172706127,18536,97,18439,"Plate_F",1,2,93,228
"547","G02","2021624_11","Cod",0.063029148,18666,1,18665,"Plate_E",1,1,94,94
"548","F05","2021624_11","Cod",0.061333608,19182,1,19181,"Plate_F",1,1,94,94
"549","F06","2021624_11","Cod",0.059723869,19699,1,19698,"Plate_F",1,1,94,94
"550","G02","2021624_11","Herring",3.408415556,18666,54,18612,"Plate_E",1,2,94,229
"551","F05","2021624_11","Herring",2.701708078,19182,44,19138,"Plate_F",1,2,94,229
"552","F06","2021624_11","Herring",3.648715496,19699,61,19638,"Plate_F",1,2,94,229
"553","C01","2021624_13","Cod",0,18912,0,18912,"Plate_E",0,1,95,95
"554","A03","2021624_13","Cod",0,19994,0,19994,"Plate_F",0,1,95,95
"555","A04","2021624_13","Cod",0,19199,0,19199,"Plate_F",0,1,95,95
"556","C01","2021624_13","Herring",0,18912,0,18912,"Plate_E",0,2,95,230
"557","A03","2021624_13","Herring",0,19994,0,19994,"Plate_F",0,2,95,230
"558","A04","2021624_13","Herring",0,19199,0,19199,"Plate_F",0,2,95,230
"559","G04","2021624_14","Cod",0.326172203,18037,5,18032,"Plate_D",1,1,96,96
"560","F01","2021624_14","Cod",0.325810909,18057,5,18052,"Plate_F",1,1,96,96
"561","F02","2021624_14","Cod",0.319267988,18427,5,18422,"Plate_F",1,1,96,96
"562","G04","2021624_14","Herring",0.19569248,18037,3,18034,"Plate_D",1,2,96,231
"563","F01","2021624_14","Herring",0.065154962,18057,1,18056,"Plate_F",1,2,96,231
"564","F02","2021624_14","Herring",0,18427,0,18427,"Plate_F",0,2,96,231
"565","A02","2021624_15","Cod",0,18020,0,18020,"Plate_E",0,1,97,97
"566","G03","2021624_15","Cod",0.116275012,20237,2,20235,"Plate_F",1,1,97,97
"567","G04","2021624_15","Cod",0.122160904,19262,2,19260,"Plate_F",1,1,97,97
"568","A02","2021624_15","Herring",2.287264585,18020,35,17985,"Plate_E",1,2,97,232
"569","G03","2021624_15","Herring",2.385937691,20237,41,20196,"Plate_F",1,2,97,232
"570","G04","2021624_15","Herring",2.323229074,19262,38,19224,"Plate_F",1,2,97,232
"571","D02","2021624_16","Cod",0,17358,0,17358,"Plate_E",0,1,98,98
"572","B05","2021624_16","Cod",0,20108,0,20108,"Plate_F",0,1,98,98
"573","B06","2021624_16","Cod",0,19841,0,19841,"Plate_F",0,1,98,98
"574","D02","2021624_16","Herring",0.135561511,17358,2,17356,"Plate_E",1,2,98,233
"575","B05","2021624_16","Herring",0.234053642,20108,4,20104,"Plate_F",1,2,98,233
"576","B06","2021624_16","Herring",0,19841,0,19841,"Plate_F",0,2,98,233
"577","H03","2021624_17","Cod",0.12286257,19152,2,19150,"Plate_E",1,1,99,99
"578","E07","2021624_17","Cod",0.337629676,20910,6,20904,"Plate_F",1,1,99,99
"579","E08","2021624_17","Cod",0.43009761,19151,7,19144,"Plate_F",1,1,99,99
"580","H03","2021624_17","Herring",0.061429683,19152,1,19151,"Plate_E",1,2,99,234
"581","E07","2021624_17","Herring",0,20910,0,20910,"Plate_F",0,2,99,234
"582","E08","2021624_17","Herring",0,19151,0,19151,"Plate_F",0,2,99,234
"583","E01","2021624_18","Cod",0.113263756,20775,2,20773,"Plate_E",1,1,100,100
"584","C03","2021624_18","Cod",0.17879039,19742,3,19739,"Plate_F",1,1,100,100
"585","C04","2021624_18","Cod",0.062840611,18722,1,18721,"Plate_F",1,1,100,100
"586","E01","2021624_18","Herring",3.118733406,20775,55,20720,"Plate_E",1,2,100,235
"587","C03","2021624_18","Herring",1.550420165,19742,26,19716,"Plate_F",1,2,100,235
"588","C04","2021624_18","Herring",1.886680126,18722,30,18692,"Plate_F",1,2,100,235
"589","F04","2021624_19","Cod",0,20128,0,20128,"Plate_E",0,1,101,101
"590","A11","2021624_19","Cod",0,19103,0,19103,"Plate_G",0,1,101,101
"591","A12","2021624_19","Cod",0,18113,0,18113,"Plate_G",0,1,101,101
"592","F04","2021624_19","Herring",3.688090324,20128,63,20065,"Plate_E",1,2,101,236
"593","A11","2021624_19","Herring",5.184601307,19103,84,19019,"Plate_G",1,2,101,236
"594","A12","2021624_19","Herring",4.751056194,18113,73,18040,"Plate_G",1,2,101,236
"595","E03","2021624_2","Cod",0,19165,0,19165,"Plate_E",0,1,102,102
"596","B07","2021624_2","Cod",0,18690,0,18690,"Plate_F",0,1,102,102
"597","B08","2021624_2","Cod",0.065426722,17982,1,17981,"Plate_F",1,1,102,102
"598","E03","2021624_2","Herring",0,19165,0,19165,"Plate_E",0,2,102,237
"599","B07","2021624_2","Herring",0,18690,0,18690,"Plate_F",0,2,102,237
"600","B08","2021624_2","Herring",0,17982,0,17982,"Plate_F",0,2,102,237
"601","E04","2021624_20","Cod",0.305156678,19279,5,19274,"Plate_E",1,1,103,103
"602","A09","2021624_20","Cod",0.531524599,19925,9,19916,"Plate_F",1,1,103,103
"603","A10","2021624_20","Cod",0.442626864,18609,7,18602,"Plate_F",1,1,103,103
"604","E04","2021624_20","Herring",0,19279,0,19279,"Plate_E",0,2,103,238
"605","A09","2021624_20","Herring",0.059046429,19925,1,19924,"Plate_F",1,2,103,238
"606","A10","2021624_20","Herring",0.063222215,18609,1,18608,"Plate_F",1,2,103,238
"607","H04","2021624_21","Cod",0.061706781,19066,1,19065,"Plate_E",1,1,104,104
"608","C11","2021624_21","Cod",0.121548772,19359,2,19357,"Plate_G",1,1,104,104
"609","C12","2021624_21","Cod",0,16966,0,16966,"Plate_G",0,1,104,104
"610","H04","2021624_21","Herring",2.903723001,19066,47,19019,"Plate_E",1,2,104,239
"611","C11","2021624_21","Herring",3.164356709,19359,52,19307,"Plate_G",1,2,104,239
"612","C12","2021624_21","Herring",2.360022068,16966,34,16932,"Plate_G",1,2,104,239
"613","H01","2021624_22","Cod",0,19151,0,19151,"Plate_E",0,1,105,105
"614","F03","2021624_22","Cod",0,20577,0,20577,"Plate_F",0,1,105,105
"615","F04","2021624_22","Cod",0,18470,0,18470,"Plate_F",0,1,105,105
"616","H01","2021624_22","Herring",0.245750815,19151,4,19147,"Plate_E",1,2,105,240
"617","F03","2021624_22","Herring",0.22871846,20577,4,20573,"Plate_F",1,2,105,240
"618","F04","2021624_22","Herring",0.318524599,18470,5,18465,"Plate_F",1,2,105,240
"619","G01","2021624_25","Cod",2.481814623,19456,41,19415,"Plate_E",1,1,106,106
"620","E03","2021624_25","Cod",1.26360178,20494,22,20472,"Plate_F",1,1,106,106
"621","E04","2021624_25","Cod",1.037317514,19289,17,19272,"Plate_F",1,1,106,106
"622","G01","2021624_25","Herring",0,19456,0,19456,"Plate_E",0,2,106,241
"623","E03","2021624_25","Herring",0,20494,0,20494,"Plate_F",0,2,106,241
"624","E04","2021624_25","Herring",0,19289,0,19289,"Plate_F",0,2,106,241
"625","B03","2021624_26","Cod",0.127620608,18438,2,18436,"Plate_E",1,1,107,107
"626","G05","2021624_26","Cod",0.117236733,20071,2,20069,"Plate_F",1,1,107,107
"627","G06","2021624_26","Cod",0.341121346,20696,6,20690,"Plate_F",1,1,107,107
"628","B03","2021624_26","Herring",0.829781473,18438,13,18425,"Plate_E",1,2,107,242
"629","G05","2021624_26","Herring",0.586300492,20071,10,20061,"Plate_F",1,2,107,242
"630","G06","2021624_26","Herring",0.568590522,20696,10,20686,"Plate_F",1,2,107,242
"631","E02","2021624_27","Cod",0.735064387,17611,11,17600,"Plate_E",1,1,108,108
"632","C05","2021624_27","Cod",0.583885372,20154,10,20144,"Plate_F",1,1,108,108
"633","C06","2021624_27","Cod",0.61004436,19290,10,19280,"Plate_F",1,1,108,108
"634","E02","2021624_27","Herring",0.200426579,17611,3,17608,"Plate_E",1,2,108,243
"635","C05","2021624_27","Herring",0.17513518,20154,3,20151,"Plate_F",1,2,108,243
"636","C06","2021624_27","Herring",0.060990203,19290,1,19289,"Plate_F",1,2,108,243
"637","A04","2021624_28","Cod",0.741550922,19044,12,19032,"Plate_E",1,1,109,109
"638","F07","2021624_28","Cod",1.024651408,20676,18,20658,"Plate_F",1,1,109,109
"639","F08","2021624_28","Cod",0.947111785,18640,15,18625,"Plate_F",1,1,109,109
"640","A04","2021624_28","Herring",0.185343921,19044,3,19041,"Plate_E",1,2,109,244
"641","F07","2021624_28","Herring",0,20676,0,20676,"Plate_F",0,2,109,244
"642","F08","2021624_28","Herring",0.063117065,18640,1,18639,"Plate_F",1,2,109,244
"643","D03","2021624_29","Cod",0.443819582,18559,7,18552,"Plate_E",1,1,110,110
"644","A07","2021624_29","Cod",0.291964412,20150,5,20145,"Plate_F",1,1,110,110
"645","A08","2021624_29","Cod",0.167759672,21040,3,21037,"Plate_F",1,1,110,110
"646","D03","2021624_29","Herring",0.634079278,18559,10,18549,"Plate_E",1,2,110,245
"647","A07","2021624_29","Herring",0.817682981,20150,14,20136,"Plate_F",1,2,110,245
"648","A08","2021624_29","Herring",0.447412282,21040,8,21032,"Plate_F",1,2,110,245
"649","C04","2021624_3","Cod",0.35886243,19673,6,19667,"Plate_E",1,1,111,111
"650","H07","2021624_3","Cod",0.057927109,20310,1,20309,"Plate_F",1,1,111,111
"651","H08","2021624_3","Cod",0.191394582,18442,3,18439,"Plate_F",1,1,111,111
"652","C04","2021624_3","Herring",1.017061234,19673,17,19656,"Plate_E",1,2,111,246
"653","H07","2021624_3","Herring",1.15908432,20310,20,20290,"Plate_F",1,2,111,246
"654","H08","2021624_3","Herring",1.404283881,18442,22,18420,"Plate_F",1,2,111,246
"655","F04","2021624_30","Cod",0.766014516,18436,12,18424,"Plate_D",1,1,112,112
"656","E01","2021624_30","Cod",0.730311334,19337,12,19325,"Plate_F",1,1,112,112
"657","E02","2021624_30","Cod",0.323250592,18200,5,18195,"Plate_F",1,1,112,112
"658","F04","2021624_30","Herring",0.25528276,18436,4,18432,"Plate_D",1,2,112,247
"659","E01","2021624_30","Herring",0.486823797,19337,8,19329,"Plate_F",1,2,112,247
"660","E02","2021624_30","Herring",0.193939701,18200,3,18197,"Plate_F",1,2,112,247
"661","A05","2021624_31","Cod",0.46108979,17864,7,17857,"Plate_E",1,1,113,113
"662","D11","2021624_31","Cod",0.184616804,19119,3,19116,"Plate_G",1,1,113,113
"663","D12","2021624_31","Cod",0.680094421,19034,11,19023,"Plate_G",1,1,113,113
"664","A05","2021624_31","Herring",0,17864,0,17864,"Plate_E",0,2,113,248
"665","D11","2021624_31","Herring",0.061535716,19119,1,19118,"Plate_G",1,2,113,248
"666","D12","2021624_31","Herring",0,19034,0,19034,"Plate_G",0,2,113,248
"667","B01","2021624_32","Cod",0.117800198,19975,2,19973,"Plate_E",1,1,114,114
"668","H01","2021624_32","Cod",0.222816393,10561,2,10559,"Plate_F",1,1,114,114
"669","H02","2021624_32","Cod",0.371732235,18992,6,18986,"Plate_F",1,1,114,114
"670","B01","2021624_32","Herring",0.471271574,19975,8,19967,"Plate_E",1,2,114,249
"671","H01","2021624_32","Herring",0.445674986,10561,4,10557,"Plate_F",1,2,114,249
"672","H02","2021624_32","Herring",0.123897694,18992,2,18990,"Plate_F",1,2,114,249
"673","G03","2021624_33","Cod",0.057156004,20584,1,20583,"Plate_E",1,1,115,115
"674","D07","2021624_33","Cod",0,19665,0,19665,"Plate_F",0,1,115,115
"675","D08","2021624_33","Cod",0.059784565,19679,1,19678,"Plate_F",1,1,115,115
"676","G03","2021624_33","Herring",0,20584,0,20584,"Plate_E",0,2,115,250
"677","D07","2021624_33","Herring",0,19665,0,19665,"Plate_F",0,2,115,250
"678","D08","2021624_33","Herring",0,19679,0,19679,"Plate_F",0,2,115,250
"679","H08","2021624_34","Cod",0.490678012,16787,7,16780,"Plate_G",1,1,116,116
"680","H09","2021624_34","Cod",0.175213426,20145,3,20142,"Plate_G",1,1,116,116
"681","H10","2021624_34","Cod",0,20017,0,20017,"Plate_G",0,1,116,116
"682","H08","2021624_34","Herring",0,16787,0,16787,"Plate_G",0,2,116,251
"683","H09","2021624_34","Herring",0,20145,0,20145,"Plate_G",0,2,116,251
"684","H10","2021624_34","Herring",0,20017,0,20017,"Plate_G",0,2,116,251
"685","G04","2021624_36","Cod",0.243273497,19346,4,19342,"Plate_E",1,1,117,117
"686","B11","2021624_36","Cod",0.43622607,18882,7,18875,"Plate_G",1,1,117,117
"687","B12","2021624_36","Cod",0,19417,0,19417,"Plate_G",0,1,117,117
"688","G04","2021624_36","Herring",0.060813654,19346,1,19345,"Plate_E",1,2,117,252
"689","B11","2021624_36","Herring",0.06230811,18882,1,18881,"Plate_G",1,2,117,252
"690","B12","2021624_36","Herring",0.06059128,19417,1,19416,"Plate_G",1,2,117,252
"691","D06","2021624_37","Cod",0.11885342,19798,2,19796,"Plate_G",1,1,118,118
"692","D07","2021624_37","Cod",0.063805118,18439,1,18438,"Plate_G",1,1,118,118
"693","H12","2021624_37","Cod",0,18742,0,18742,"Plate_G",0,1,118,118
"694","D06","2021624_37","Herring",0,19798,0,19798,"Plate_G",0,2,118,253
"695","D07","2021624_37","Herring",0.063805118,18439,1,18438,"Plate_G",1,2,118,253
"696","H12","2021624_37","Herring",0,18742,0,18742,"Plate_G",0,2,118,253
"697","B04","2021624_38","Cod",0.245750815,19151,4,19147,"Plate_E",1,1,119,119
"698","G07","2021624_38","Cod",0.060099132,19576,1,19575,"Plate_F",1,1,119,119
"699","G08","2021624_38","Cod",0.061126471,19247,1,19246,"Plate_F",1,1,119,119
"700","B04","2021624_38","Herring",0.061432891,19151,1,19150,"Plate_E",1,2,119,254
"701","G07","2021624_38","Herring",0,19576,0,19576,"Plate_F",0,2,119,254
"702","G08","2021624_38","Herring",0,19247,0,19247,"Plate_F",0,2,119,254
"703","C05","2021624_39","Cod",0.280092031,21004,5,20999,"Plate_E",1,1,120,120
"704","F11","2021624_39","Cod",0.181895614,19405,3,19402,"Plate_G",1,1,120,120
"705","F12","2021624_39","Cod",0.306141347,19217,5,19212,"Plate_G",1,1,120,120
"706","C05","2021624_39","Herring",0,21004,0,21004,"Plate_E",0,2,120,255
"707","F11","2021624_39","Herring",0,19405,0,19405,"Plate_G",0,2,120,255
"708","F12","2021624_39","Herring",0.122446977,19217,2,19215,"Plate_G",1,2,120,255
"709","F02","2021624_4","Cod",0.272157907,17293,4,17289,"Plate_E",1,1,121,121
"710","E05","2021624_4","Cod",0.176979393,19944,3,19941,"Plate_F",1,1,121,121
"711","E06","2021624_4","Cod",0.118565939,19846,2,19844,"Plate_F",1,1,121,121
"712","F02","2021624_4","Herring",8.397789001,17293,123,17170,"Plate_E",1,2,121,256
"713","E05","2021624_4","Herring",7.931159496,19944,134,19810,"Plate_F",1,2,121,256
"714","E06","2021624_4","Herring",8.806315422,19846,148,19698,"Plate_F",1,2,121,256
"715","F01","2021624_40","Cod",0.058044285,20269,1,20268,"Plate_E",1,1,122,122
"716","D03","2021624_40","Cod",0.060219109,19537,1,19536,"Plate_F",1,1,122,122
"717","D04","2021624_40","Cod",0,18705,0,18705,"Plate_F",0,1,122,122
"718","F01","2021624_40","Herring",0.058044285,20269,1,20268,"Plate_E",1,2,122,257
"719","D03","2021624_40","Herring",0.180666566,19537,3,19534,"Plate_F",1,2,122,257
"720","D04","2021624_40","Herring",0,18705,0,18705,"Plate_F",0,2,122,257
"721","C03","2021624_41","Cod",0.062830545,18725,1,18724,"Plate_E",1,1,123,123
"722","H05","2021624_41","Cod",0.177558139,19879,3,19876,"Plate_F",1,1,123,123
"723","H06","2021624_41","Cod",0,20891,0,20891,"Plate_F",0,1,123,123
"724","C03","2021624_41","Herring",0.062830545,18725,1,18724,"Plate_E",1,2,123,258
"725","H05","2021624_41","Herring",0,19879,0,19879,"Plate_F",0,2,123,258
"726","H06","2021624_41","Herring",0,20891,0,20891,"Plate_F",0,2,123,258
"727","E04","2021624_42","Cod",0.064097121,18355,1,18354,"Plate_D",1,1,124,124
"728","D01","2021624_42","Cod",0.061012346,19283,1,19282,"Plate_F",1,1,124,124
"729","D02","2021624_42","Cod",0.184125602,19170,3,19167,"Plate_F",1,1,124,124
"730","E04","2021624_42","Herring",0.12819773,18355,2,18353,"Plate_D",1,2,124,259
"731","D01","2021624_42","Herring",0.061012346,19283,1,19282,"Plate_F",1,2,124,259
"732","D02","2021624_42","Herring",0.122747205,19170,2,19168,"Plate_F",1,2,124,259
"733","D01","2021624_43","Cod",0.061901588,19006,1,19005,"Plate_E",1,1,125,125
"734","B03","2021624_43","Cod",0.059284464,19845,1,19844,"Plate_F",1,1,125,125
"735","B04","2021624_43","Cod",0,19560,0,19560,"Plate_F",0,1,125,125
"736","D01","2021624_43","Herring",0.061901588,19006,1,19005,"Plate_E",1,2,125,260
"737","B03","2021624_43","Herring",0,19845,0,19845,"Plate_F",0,2,125,260
"738","B04","2021624_43","Herring",0.060148295,19560,1,19559,"Plate_F",1,2,125,260
"739","B02","2021624_44","Cod",0.064838961,18145,1,18144,"Plate_E",1,1,126,126
"740","H03","2021624_44","Cod",0,18649,0,18649,"Plate_F",0,1,126,126
"741","H04","2021624_44","Cod",0.06018522,19548,1,19547,"Plate_F",1,1,126,126
"742","B02","2021624_44","Herring",0.129681498,18145,2,18143,"Plate_E",1,2,126,261
"743","H03","2021624_44","Herring",0.063086607,18649,1,18648,"Plate_F",1,2,126,261
"744","H04","2021624_44","Herring",0.120373517,19548,2,19546,"Plate_F",1,2,126,261
"745","C02","2021624_5","Cod",0.264063895,17823,4,17819,"Plate_E",1,1,127,127
"746","A05","2021624_5","Cod",0.060694434,19384,1,19383,"Plate_F",1,1,127,127
"747","A06","2021624_5","Cod",0.201134741,17549,3,17546,"Plate_F",1,1,127,127
"748","C02","2021624_5","Herring",2.907967567,17823,44,17779,"Plate_E",1,2,127,262
"749","A05","2021624_5","Herring",3.403719664,19384,56,19328,"Plate_F",1,2,127,262
"750","A06","2021624_5","Herring",3.222289562,17549,48,17501,"Plate_F",1,2,127,262
"751","F03","2021624_6","Cod",0.11957217,19679,2,19677,"Plate_E",1,1,128,128
"752","C07","2021624_6","Cod",0,18857,0,18857,"Plate_F",0,1,128,128
"753","C08","2021624_6","Cod",0.244715676,19232,4,19228,"Plate_F",1,1,128,128
"754","F03","2021624_6","Herring",0.657797396,19679,11,19668,"Plate_E",1,2,128,263
"755","C07","2021624_6","Herring",0.624056101,18857,10,18847,"Plate_F",1,2,128,263
"756","C08","2021624_6","Herring",0.489482254,19232,8,19224,"Plate_F",1,2,128,263
"757","G11","2021624_7","Cod",0.11839889,19874,2,19872,"Plate_G",1,1,129,129
"758","G12","2021624_7","Cod",0.120787539,19481,2,19479,"Plate_G",1,1,129,129
"759","H11","2021624_7","Cod",0.119852334,19633,2,19631,"Plate_G",1,1,129,129
"760","G11","2021624_7","Herring",6.113090515,19874,103,19771,"Plate_G",1,2,129,264
"761","G12","2021624_7","Herring",5.387084007,19481,89,19392,"Plate_G",1,2,129,264
"762","H11","2021624_7","Herring",6.067856312,19633,101,19532,"Plate_G",1,2,129,264
"763","D04","2021624_8","Cod",0,19058,0,19058,"Plate_D",0,1,130,130
"764","C01","2021624_8","Cod",0.061742403,19055,1,19054,"Plate_F",1,1,130,130
"765","C02","2021624_8","Cod",0.060732033,19372,1,19371,"Plate_F",1,1,130,130
"766","D04","2021624_8","Herring",2.843061209,19058,46,19012,"Plate_D",1,2,130,265
"767","C01","2021624_8","Herring",1.853683114,19055,30,19025,"Plate_F",1,2,130,265
"768","C02","2021624_8","Herring",2.310024023,19372,38,19334,"Plate_F",1,2,130,265
"769","B05","2021624_9","Cod",0.268741697,21891,5,21886,"Plate_E",1,1,131,131
"770","E11","2021624_9","Cod",0.18434681,19147,3,19144,"Plate_G",1,1,131,131
"771","E12","2021624_9","Cod",0.063546635,18514,1,18513,"Plate_G",1,1,131,131
"772","B05","2021624_9","Herring",0.43001622,21891,8,21883,"Plate_E",1,2,131,266
"773","E11","2021624_9","Herring",0.73756057,19147,12,19135,"Plate_G",1,2,131,266
"774","E12","2021624_9","Herring",0.762786269,18514,12,18502,"Plate_G",1,2,131,266
"775","C01","2022607_235","Cod",0.416081548,19796,7,19789,"Experiment_9",1,1,132,132
"776","B03","2022607_235","Cod",0.057878658,20327,1,20326,"Plate_I",1,1,132,132
"777","B04","2022607_235","Cod",0,19212,0,19212,"Plate_I",0,1,132,132
"778","C01","2022607_235","Saithe",0,19796,0,19796,"Experiment_9",0,3,132,304
"779","B03","2022607_235","Saithe",0,20327,0,20327,"Plate_I",0,3,132,304
"780","B04","2022607_235","Saithe",0.061237831,19212,1,19211,"Plate_I",1,3,132,304
"781","D03","2022607_236","Cod",56.5778389,19807,930,18877,"Plate_H",1,1,133,133
"782","F07","2022607_236","Cod",65.86333466,18569,1011,17558,"Plate_J",1,1,133,133
"783","F08","2022607_236","Cod",59.19844818,18136,890,17246,"Plate_J",1,1,133,133
"784","D03","2022607_236","Saithe",0,19807,0,19807,"Plate_H",0,3,133,305
"785","F07","2022607_236","Saithe",0,18569,0,18569,"Plate_J",0,3,133,305
"786","F08","2022607_236","Saithe",0.06487114,18136,1,18135,"Plate_J",1,3,133,305
"787","H04","2022607_237","Cod",1.707770348,19303,28,19275,"Plate_H",1,1,134,134
"788","B09","2022607_237","Cod",2.149023294,19726,36,19690,"Plate_I",1,1,134,134
"789","B10","2022607_237","Cod",1.789399862,19739,30,19709,"Plate_I",1,1,134,134
"790","H04","2022607_237","Saithe",0,19303,0,19303,"Plate_H",0,3,134,306
"791","B09","2022607_237","Saithe",0.178935423,19726,3,19723,"Plate_I",1,3,134,306
"792","B10","2022607_237","Saithe",0.059602838,19739,1,19738,"Plate_I",1,3,134,306
"793","G01","2022607_238","Cod",3.089202404,18304,48,18256,"Experiment_9",1,1,135,135
"794","F03","2022607_238","Cod",2.837894917,21583,52,21531,"Plate_I",1,1,135,135
"795","F04","2022607_238","Cod",2.487128496,19888,42,19846,"Plate_I",1,1,135,135
"796","G01","2022607_238","Saithe",0.192837685,18304,3,18301,"Experiment_9",1,3,135,307
"797","F03","2022607_238","Saithe",0.381625831,21583,7,21576,"Plate_I",1,3,135,307
"798","F04","2022607_238","Saithe",0.118315548,19888,2,19886,"Plate_I",1,3,135,307
"799","E01","2022607_239","Cod",34.05729675,13633,389,13244,"Experiment_9",1,1,136,136
"800","D03","2022607_239","Cod",52.40762329,21116,920,20196,"Plate_I",1,1,136,136
"801","D04","2022607_239","Cod",48.62950516,20226,819,19407,"Plate_I",1,1,136,136
"802","E01","2022607_239","Saithe",0,13633,0,13633,"Experiment_9",0,3,136,308
"803","D03","2022607_239","Saithe",0.055715971,21116,1,21115,"Plate_I",1,3,136,308
"804","D04","2022607_239","Saithe",0.174511686,20226,3,20223,"Plate_I",1,3,136,308
"805","F03","2022607_240","Cod",2.549647331,18477,40,18437,"Plate_H",1,1,137,137
"806","H05","2022607_240","Cod",1.890373111,20554,33,20521,"Plate_I",1,1,137,137
"807","H06","2022607_240","Cod",1.7154814,18530,27,18503,"Plate_I",1,1,137,137
"808","F03","2022607_240","Saithe",0.063673884,18477,1,18476,"Plate_H",1,3,137,309
"809","H05","2022607_240","Saithe",0,20554,0,20554,"Plate_I",0,3,137,309
"810","H06","2022607_240","Saithe",0.126986951,18530,2,18528,"Plate_I",1,3,137,309
"811","H02","2022607_241","Cod",1.278742313,21172,23,21149,"Plate_H",1,1,138,138
"812","C05","2022607_241","Cod",1.832984924,19270,30,19240,"Plate_I",1,1,138,138
"813","C06","2022607_241","Cod",1.488732457,18978,24,18954,"Plate_I",1,1,138,138
"814","H02","2022607_241","Saithe",0.111139826,21172,2,21170,"Plate_H",1,3,138,310
"815","C05","2022607_241","Saithe",0.305299252,19270,5,19265,"Plate_I",1,3,138,310
"816","C06","2022607_241","Saithe",0.061992917,18978,1,18977,"Plate_I",1,3,138,310
"817","F04","2022607_242","Cod",38.86482239,19572,636,18936,"Plate_H",1,1,139,139
"818","G07","2022607_242","Cod",45.80591202,18619,711,17908,"Plate_J",1,1,139,139
"819","G08","2022607_242","Cod",43.56425095,19421,706,18715,"Plate_J",1,1,139,139
"820","F04","2022607_242","Saithe",0.180343464,19572,3,19569,"Plate_H",1,3,139,311
"821","G07","2022607_242","Saithe",0.315975219,18619,5,18614,"Plate_J",1,3,139,311
"822","G08","2022607_242","Saithe",0.181745753,19421,3,19418,"Plate_J",1,3,139,311
"823","D04","2022607_243","Cod",2.210008144,19715,37,19678,"Plate_H",1,1,140,140
"824","G07","2022607_243","Cod",2.011921167,18728,32,18696,"Plate_I",1,1,140,140
"825","G08","2022607_243","Cod",1.938127041,21263,35,21228,"Plate_I",1,1,140,140
"826","D04","2022607_243","Saithe",0.059675395,19715,1,19714,"Plate_H",1,3,140,312
"827","G07","2022607_243","Saithe",0.062820479,18728,1,18727,"Plate_I",1,3,140,312
"828","G08","2022607_243","Saithe",0.166000128,21263,3,21260,"Plate_I",1,3,140,312
"829","G02","2022607_244","Cod",1.063337207,21031,19,21012,"Plate_H",1,1,141,141
"830","B05","2022607_244","Cod",2.293831587,20022,39,19983,"Plate_I",1,1,141,141
"831","B06","2022607_244","Cod",2.63567853,19662,44,19618,"Plate_I",1,1,141,141
"832","G02","2022607_244","Saithe",0,21031,0,21031,"Plate_H",0,3,141,313
"833","B05","2022607_244","Saithe",0.058760364,20022,1,20021,"Plate_I",1,3,141,313
"834","B06","2022607_244","Saithe",0.119675554,19662,2,19660,"Plate_I",1,3,141,313
"835","D01","2022607_245","Cod",0.188864842,18689,3,18686,"Experiment_9",1,1,142,142
"836","C03","2022607_245","Cod",0.058628589,20067,1,20066,"Plate_I",1,1,142,142
"837","C04","2022607_245","Cod",0,20475,0,20475,"Plate_I",0,1,142,142
"838","D01","2022607_245","Saithe",0.06295158,18689,1,18688,"Experiment_9",1,3,142,314
"839","C03","2022607_245","Saithe",0,20067,0,20067,"Plate_I",0,3,142,314
"840","C04","2022607_245","Saithe",0,20475,0,20475,"Plate_I",0,3,142,314
"841","C01","2022607_247","Cod",19.902668,19851,333,19518,"Plate_H",1,1,143,143
"842","C07","2022607_247","Cod",19.83018684,19205,321,18884,"Plate_J",1,1,143,143
"843","C01","2022607_247","Saithe",0,19851,0,19851,"Plate_H",0,3,143,315
"844","C07","2022607_247","Saithe",0.122523494,19205,2,19203,"Plate_J",1,3,143,315
"845","G04","2022607_248","Cod",12.93659401,18197,199,17998,"Plate_H",1,1,144,144
"846","A09","2022607_248","Cod",16.12545776,20348,277,20071,"Plate_I",1,1,144,144
"847","A10","2022607_248","Cod",17.64409828,18004,268,17736,"Plate_I",1,1,144,144
"848","G04","2022607_248","Saithe",0.064653672,18197,1,18196,"Plate_H",1,3,144,316
"849","A09","2022607_248","Saithe",0.057818923,20348,1,20347,"Plate_I",1,3,144,316
"850","A10","2022607_248","Saithe",0.06534677,18004,1,18003,"Plate_I",1,3,144,316
"851","H03","2022607_249","Cod",0.673651218,19216,11,19205,"Plate_H",1,1,145,145
"852","C07","2022607_249","Cod",0.579313874,20313,10,20303,"Plate_I",1,1,145,145
"853","C08","2022607_249","Cod",0.466113567,20196,8,20188,"Plate_I",1,1,145,145
"854","H03","2022607_249","Saithe",0,19216,0,19216,"Plate_H",0,3,145,317
"855","C07","2022607_249","Saithe",0,20313,0,20313,"Plate_I",0,3,145,317
"856","C08","2022607_249","Saithe",0,20196,0,20196,"Plate_I",0,3,145,317
"857","E01","2022607_250","Cod",26.73416138,19094,429,18665,"Plate_H",1,1,146,146
"858","C01","2022607_250","Cod",49.21529007,19380,794,18586,"Plate_I",1,1,146,146
"859","C02","2022607_250","Cod",44.16979218,19621,723,18898,"Plate_I",1,1,146,146
"860","E01","2022607_250","Saithe",0.061616287,19094,1,19093,"Plate_H",1,3,146,318
"861","C01","2022607_250","Saithe",0.121417053,19380,2,19378,"Plate_I",1,3,146,318
"862","C02","2022607_250","Saithe",0.059961293,19621,1,19620,"Plate_I",1,3,146,318
"863","G03","2022607_251","Cod",17.45884514,19755,291,19464,"Plate_H",1,1,147,147
"864","A07","2022607_251","Cod",15.83313656,19225,257,18968,"Plate_I",1,1,147,147
"865","A08","2022607_251","Cod",17.01087189,20968,301,20667,"Plate_I",1,1,147,147
"866","G03","2022607_251","Saithe",0.119112134,19755,2,19753,"Plate_H",1,3,147,319
"867","A07","2022607_251","Saithe",0,19225,0,19225,"Plate_I",0,3,147,319
"868","A08","2022607_251","Saithe",0.056109246,20968,1,20967,"Plate_I",1,3,147,319
"869","B02","2022607_252","Cod",0.654636204,19774,11,19763,"Plate_H",1,1,148,148
"870","D07","2022607_252","Cod",0.627250254,18761,10,18751,"Plate_J",1,1,148,148
"871","D08","2022607_252","Cod",0.728502333,19385,12,19373,"Plate_J",1,1,148,148
"872","H09","2022607_252","Cod",1.165839314,21202,21,21181,"Plate_J",1,1,148,148
"873","B02","2022607_252","Saithe",0.118997678,19774,2,19772,"Plate_H",1,3,148,320
"874","D07","2022607_252","Saithe",0.125423297,18761,2,18759,"Plate_J",1,3,148,320
"875","D08","2022607_252","Saithe",0.060691305,19385,1,19384,"Plate_J",1,3,148,320
"876","H09","2022607_252","Saithe",0.110982552,21202,2,21200,"Plate_J",1,3,148,320
"877","B05","2022607_253","Cod",30.130373,20130,509,19621,"Plate_H",1,1,149,149
"878","H07","2022607_253","Cod",33.11949539,19237,534,18703,"Plate_J",1,1,149,149
"879","H08","2022607_253","Cod",27.56635475,18740,434,18306,"Plate_J",1,1,149,149
"880","B05","2022607_253","Saithe",0.058445096,20130,1,20129,"Plate_H",1,3,149,321
"881","H07","2022607_253","Saithe",0.183484271,19237,3,19234,"Plate_J",1,3,149,321
"882","H08","2022607_253","Saithe",0,18740,0,18740,"Plate_J",0,3,149,321
"883","A02","2022607_254","Cod",13.97043324,19738,233,19505,"Plate_H",1,1,150,150
"884","F01","2022607_254","Cod",15.62332821,18496,244,18252,"Plate_I",1,1,150,150
"885","F02","2022607_254","Cod",20.49543381,20903,361,20542,"Plate_I",1,1,150,150
"886","A02","2022607_254","Saithe",0.119214736,19738,2,19736,"Plate_H",1,3,150,322
"887","F01","2022607_254","Saithe",0.127220392,18496,2,18494,"Plate_I",1,3,150,322
"888","F02","2022607_254","Saithe",0.056283727,20903,1,20902,"Plate_I",1,3,150,322
"889","A04","2022607_255","Cod",0.542360604,19527,9,19518,"Plate_H",1,1,151,151
"890","D07","2022607_255","Cod",0.66796428,15856,9,15847,"Plate_I",1,1,151,151
"891","D08","2022607_255","Cod",0.737083673,20756,13,20743,"Plate_I",1,1,151,151
"892","A04","2022607_255","Saithe",0,19527,0,19527,"Plate_H",0,3,151,323
"893","D07","2022607_255","Saithe",0,15856,0,15856,"Plate_I",0,3,151,323
"894","D08","2022607_255","Saithe",0,20756,0,20756,"Plate_I",0,3,151,323
"895","A03","2022607_257","Cod",0,19280,0,19280,"Plate_H",0,1,152,152
"896","D05","2022607_257","Cod",0,19996,0,19996,"Plate_I",0,1,152,152
"897","D06","2022607_257","Cod",0,18319,0,18319,"Plate_I",0,1,152,152
"898","A03","2022607_257","Saithe",0.061021842,19280,1,19279,"Plate_H",1,3,152,324
"899","D05","2022607_257","Saithe",0.058836766,19996,1,19995,"Plate_I",1,3,152,324
"900","D06","2022607_257","Saithe",0,18319,0,18319,"Plate_I",0,3,152,324
"901","F01","2022607_258","Cod",17.58944321,18666,277,18389,"Experiment_9",1,1,153,153
"902","E03","2022607_258","Cod",21.79940987,21461,394,21067,"Plate_I",1,1,153,153
"903","E04","2022607_258","Cod",20.71501541,21199,370,20829,"Plate_I",1,1,153,153
"904","F01","2022607_258","Saithe",0.063029148,18666,1,18665,"Experiment_9",1,3,153,325
"905","E03","2022607_258","Saithe",0.054820277,21461,1,21460,"Plate_I",1,3,153,325
"906","E04","2022607_258","Saithe",0,21199,0,21199,"Plate_I",0,3,153,325
"907","F01","2022607_259","Cod",7.017845154,19168,114,19054,"Plate_H",1,1,154,154
"908","D01","2022607_259","Cod",5.524322033,19852,93,19759,"Plate_I",1,1,154,154
"909","D02","2022607_259","Cod",6.547982216,20179,112,20067,"Plate_I",1,1,154,154
"910","F01","2022607_259","Saithe",0.061378408,19168,1,19167,"Plate_H",1,3,154,326
"911","D01","2022607_259","Saithe",0,19852,0,19852,"Plate_I",0,3,154,326
"912","D02","2022607_259","Saithe",0,20179,0,20179,"Plate_I",0,3,154,326
"913","G01","2022607_260","Cod",0.809148371,18908,13,18895,"Plate_H",1,1,155,155
"914","E01","2022607_260","Cod",0.769070387,19893,13,19880,"Plate_I",1,1,155,155
"915","E02","2022607_260","Cod",0.511027575,20724,9,20715,"Plate_I",1,1,155,155
"916","G01","2022607_260","Saithe",0,18908,0,18908,"Plate_H",0,3,155,327
"917","E01","2022607_260","Saithe",0.059141412,19893,1,19892,"Plate_I",1,3,155,327
"918","E02","2022607_260","Saithe",0,20724,0,20724,"Plate_I",0,3,155,327
"919","B01","2022607_261","Cod",26.17749023,19450,428,19022,"Plate_H",1,1,156,156
"920","B07","2022607_261","Cod",25.81748009,19580,425,19155,"Plate_J",1,1,156,156
"921","B08","2022607_261","Cod",24.43759346,19652,404,19248,"Plate_J",1,1,156,156
"922","B01","2022607_261","Saithe",0.060488477,19450,1,19449,"Plate_H",1,3,156,328
"923","B07","2022607_261","Saithe",0.060086858,19580,1,19579,"Plate_J",1,3,156,328
"924","B08","2022607_261","Saithe",0.059866708,19652,1,19651,"Plate_J",1,3,156,328
"925","C04","2022607_262","Cod",3.738724947,20171,64,20107,"Plate_H",1,1,157,157
"926","F07","2022607_262","Cod",5.210920334,19233,85,19148,"Plate_I",1,1,157,157
"927","F08","2022607_262","Cod",6.562535763,21213,118,21095,"Plate_I",1,1,157,157
"928","C04","2022607_262","Saithe",0.058326297,20171,1,20170,"Plate_H",1,3,157,329
"929","F07","2022607_262","Saithe",0.061170965,19233,1,19232,"Plate_I",1,3,157,329
"930","F08","2022607_262","Saithe",0,21213,0,21213,"Plate_I",0,3,157,329
"931","C03","2022607_263","Cod",0.736329556,19179,12,19167,"Plate_H",1,1,158,158
"932","F05","2022607_263","Cod",1.108089805,20182,19,20163,"Plate_I",1,1,158,158
"933","F06","2022607_263","Cod",0.444058895,18549,7,18542,"Plate_I",1,1,158,158
"934","C03","2022607_263","Saithe",0.184039205,19179,3,19176,"Plate_H",1,3,158,330
"935","F05","2022607_263","Saithe",0,20182,0,20182,"Plate_I",0,3,158,330
"936","F06","2022607_263","Saithe",0.126856863,18549,2,18547,"Plate_I",1,3,158,330
"937","B01","2022607_264","Cod",18.82497215,18206,289,17917,"Experiment_9",1,1,159,159
"938","G01","2022607_264","Cod",24.77520561,19291,402,18889,"Plate_I",1,1,159,159
"939","G02","2022607_264","Cod",28.86770821,20958,508,20450,"Plate_I",1,1,159,159
"940","B01","2022607_264","Saithe",0.12924698,18206,2,18204,"Experiment_9",1,3,159,331
"941","G01","2022607_264","Saithe",0.243967161,19291,4,19287,"Plate_I",1,3,159,331
"942","G02","2022607_264","Saithe",0,20958,0,20958,"Plate_I",0,3,159,331
"943","E04","2022607_265","Cod",4.629142284,19353,76,19277,"Plate_H",1,1,160,160
"944","H07","2022607_265","Cod",5.104811668,18939,82,18857,"Plate_I",1,1,160,160
"945","H08","2022607_265","Cod",4.218584061,20674,74,20600,"Plate_I",1,1,160,160
"946","E04","2022607_265","Saithe",0.121586457,19353,2,19351,"Plate_H",1,3,160,332
"947","H07","2022607_265","Saithe",0.062120579,18939,1,18938,"Plate_I",1,3,160,332
"948","H08","2022607_265","Saithe",0,20674,0,20674,"Plate_I",0,3,160,332
"949","B03","2022607_266","Cod",0.71092993,19864,12,19852,"Plate_H",1,1,161,161
"950","E05","2022607_266","Cod",0.935191333,20136,16,20120,"Plate_I",1,1,161,161
"951","E06","2022607_266","Cod",1.001571298,18802,16,18786,"Plate_I",1,1,161,161
"952","B03","2022607_266","Saithe",0,19864,0,19864,"Plate_H",0,3,161,333
"953","E05","2022607_266","Saithe",0,20136,0,20136,"Plate_I",0,3,161,333
"954","E06","2022607_266","Saithe",0.125149786,18802,2,18800,"Plate_I",1,3,161,333
"955","F02","2022607_269","Cod",0.910492897,20682,16,20666,"Plate_H",1,1,162,162
"956","H03","2022607_269","Cod",0.894782066,21045,16,21029,"Plate_I",1,1,162,162
"957","H04","2022607_269","Cod",1.68363893,20978,30,20948,"Plate_I",1,1,162,162
"958","F02","2022607_269","Saithe",0.056885164,20682,1,20681,"Plate_H",1,3,162,334
"959","H03","2022607_269","Saithe",0.055903945,21045,1,21044,"Plate_I",1,3,162,334
"960","H04","2022607_269","Saithe",0,20978,0,20978,"Plate_I",0,3,162,334
"961","E03","2022607_270","Cod",0.99416554,18942,16,18926,"Plate_H",1,1,163,163
"962","G05","2022607_270","Cod",0.84079659,20996,15,20981,"Plate_I",1,1,163,163
"963","G06","2022607_270","Cod",0.854416609,19284,14,19270,"Plate_I",1,1,163,163
"964","E03","2022607_270","Saithe",0.745545328,18942,12,18930,"Plate_H",1,3,163,335
"965","G05","2022607_270","Saithe",0.504405856,20996,9,20987,"Plate_I",1,3,163,335
"966","G06","2022607_270","Saithe",0.305077553,19284,5,19279,"Plate_I",1,3,163,335
"967","D05","2022607_271","Cod",0,19489,0,19489,"Plate_H",0,1,164,164
"968","C09","2022607_271","Cod",0.476159304,19770,8,19762,"Plate_I",1,1,164,164
"969","C10","2022607_271","Cod",0.631045997,20513,11,20502,"Plate_I",1,1,164,164
"970","D05","2022607_271","Saithe",0,19489,0,19489,"Plate_H",0,3,164,336
"971","C09","2022607_271","Saithe",0.059509378,19770,1,19769,"Plate_I",1,3,164,336
"972","C10","2022607_271","Saithe",0.229432121,20513,4,20509,"Plate_I",1,3,164,336
"973","E02","2022607_272","Cod",1.375519872,20539,24,20515,"Plate_H",1,1,165,165
"974","G03","2022607_272","Cod",0.499103695,21219,9,21210,"Plate_I",1,1,165,165
"975","G04","2022607_272","Cod",1.371977568,21450,25,21425,"Plate_I",1,1,165,165
"976","E02","2022607_272","Saithe",0.05728123,20539,1,20538,"Plate_H",1,3,165,337
"977","G03","2022607_272","Saithe",0.055445511,21219,1,21218,"Plate_I",1,3,165,337
"978","G04","2022607_272","Saithe",0.109699339,21450,2,21448,"Plate_I",1,3,165,337
"979","E05","2022607_273","Cod",0.660854161,19588,11,19577,"Plate_H",1,1,166,166
"980","D09","2022607_273","Cod",0.745481014,17365,11,17354,"Plate_I",1,1,166,166
"981","D10","2022607_273","Cod",0.776548266,18186,12,18174,"Plate_I",1,1,166,166
"982","E05","2022607_273","Saithe",0.060062315,19588,1,19587,"Plate_H",1,3,166,338
"983","D09","2022607_273","Saithe",0.135506853,17365,2,17363,"Plate_I",1,3,166,338
"984","D10","2022607_273","Saithe",0.129389122,18186,2,18184,"Plate_I",1,3,166,338
"985","B04","2022607_274","Cod",0.41534707,19831,7,19824,"Plate_H",1,1,167,167
"986","E07","2022607_274","Cod",0.563998997,18778,9,18769,"Plate_I",1,1,167,167
"987","E08","2022607_274","Cod",0.791398704,20819,14,20805,"Plate_I",1,1,167,167
"988","B04","2022607_274","Saithe",0.118655629,19831,2,19829,"Plate_H",1,3,167,339
"989","E07","2022607_274","Saithe",0.187969625,18778,3,18775,"Plate_I",1,3,167,339
"990","E08","2022607_274","Saithe",0.056510821,20819,1,20818,"Plate_I",1,3,167,339
"991","D01","2022607_275","Cod",0.41048196,20066,7,20059,"Plate_H",1,1,168,168
"992","B01","2022607_275","Cod",1.078506351,19644,18,19626,"Plate_I",1,1,168,168
"993","B02","2022607_275","Cod",0.747567892,20465,13,20452,"Plate_I",1,1,168,168
"994","D01","2022607_275","Saithe",0.11726594,20066,2,20064,"Plate_H",1,3,168,340
"995","B01","2022607_275","Saithe",0.059891086,19644,1,19643,"Plate_I",1,3,168,340
"996","B02","2022607_275","Saithe",0,20465,0,20465,"Plate_I",0,3,168,340
"997","C05","2022607_276","Cod",0.72299099,17905,11,17894,"Plate_H",1,1,169,169
"998","B09","2022607_276","Cod",0.886764586,19908,15,19893,"Plate_J",1,1,169,169
"999","C09","2022607_276","Cod",0.427729726,19257,7,19250,"Plate_J",1,1,169,169
"1000","C05","2022607_276","Saithe",0.065708093,17905,1,17904,"Plate_H",1,3,169,341
"1001","B09","2022607_276","Saithe",0.354625642,19908,6,19902,"Plate_J",1,3,169,341
"1002","C09","2022607_276","Saithe",0.1832937,19257,3,19254,"Plate_J",1,3,169,341
"1003","C02","2022607_277","Cod",1.154743314,19367,19,19348,"Plate_H",1,1,170,170
"1004","A06","2022607_277","Cod",1.208561182,18505,19,18486,"Plate_J",1,1,170,170
"1005","E07","2022607_277","Cod",0.835949719,18302,13,18289,"Plate_J",1,1,170,170
"1006","E08","2022607_277","Cod",1.764325976,19352,29,19323,"Plate_J",1,1,170,170
"1007","C02","2022607_277","Saithe",0.060747713,19367,1,19366,"Plate_H",1,3,170,342
"1008","A06","2022607_277","Saithe",0.190742925,18505,3,18502,"Plate_J",1,3,170,342
"1009","E07","2022607_277","Saithe",0.257152051,18302,4,18298,"Plate_J",1,3,170,342
"1010","E08","2022607_277","Saithe",0.060794797,19352,1,19351,"Plate_J",1,3,170,342
"1011","A01","NTC","Cod",0,17652,0,17652,"Experiment_9",0,1,171,171
"1012","H01","NTC","Cod",0.307646394,19123,5,19118,"Experiment_9",1,1,171,171
"1013","A01","NTC","Cod",0,19706,0,19706,"Plate_D",0,1,171,171
"1014","A03","NTC","Cod",0.224624455,20952,4,20948,"Plate_D",1,1,171,171
"1015","A01","NTC","Cod",0,18860,0,18860,"Plate_E",0,1,171,171
"1016","H05","NTC","Cod",0,18239,0,18239,"Plate_E",0,1,171,171
"1017","A01","NTC","Cod",0,17994,0,17994,"Plate_F",0,1,171,171
"1018","D06","NTC","Cod",0,18645,0,18645,"Plate_F",0,1,171,171
"1019","A01","NTC","Cod",0,19198,0,19198,"Plate_G",0,1,171,171
"1020","H04","NTC","Cod",0,17506,0,17506,"Plate_G",0,1,171,171
"1021","A01","NTC","Cod",0,18819,0,18819,"Plate_H",0,1,171,171
"1022","G05","NTC","Cod",0,20305,0,20305,"Plate_H",0,1,171,171
"1023","A01","NTC","Cod",0,19503,0,19503,"Plate_I",0,1,171,171
"1024","A06","NTC","Cod",0,18053,0,18053,"Plate_I",0,1,171,171
"1025","A01","NTC","Cod",0,17430,0,17430,"Plate_J",0,1,171,171
"1026","C08","NTC","Cod",0.06415654,18338,1,18337,"Plate_J",1,1,171,171
"1027","E04","NTC","Cod",0,18718,0,18718,"Plate_J",0,1,171,171
"1028","A10","NTC","Cod",0.057058979,20619,1,20618,"Std_CH",1,1,171,171
"1029","B10","NTC","Cod",0,21040,0,21040,"Std_CH",0,1,171,171
"1030","A10","NTC","Cod",0,18619,0,18619,"Std_CS",0,1,171,171
"1031","B10","NTC","Cod",0,21347,0,21347,"Std_CS",0,1,171,171
"1032","A01","NTC","Herring",0,19706,0,19706,"Plate_D",0,2,171,267
"1033","A03","NTC","Herring",0.112306871,20952,2,20950,"Plate_D",1,2,171,267
"1034","A01","NTC","Herring",0,18860,0,18860,"Plate_E",0,2,171,267
"1035","H05","NTC","Herring",0,18239,0,18239,"Plate_E",0,2,171,267
"1036","A01","NTC","Herring",0,17994,0,17994,"Plate_F",0,2,171,267
"1037","D06","NTC","Herring",0,18645,0,18645,"Plate_F",0,2,171,267
"1038","A01","NTC","Herring",0,19198,0,19198,"Plate_G",0,2,171,267
"1039","H04","NTC","Herring",0.067205772,17506,1,17505,"Plate_G",1,2,171,267
"1040","A10","NTC","Herring",0,20619,0,20619,"Std_CH",0,2,171,267
"1041","B10","NTC","Herring",0,21040,0,21040,"Std_CH",0,2,171,267
"1042","A01","NTC","Saithe",0,17652,0,17652,"Experiment_9",0,3,171,343
"1043","H01","NTC","Saithe",0,19123,0,19123,"Experiment_9",0,3,171,343
"1044","A01","NTC","Saithe",0,18819,0,18819,"Plate_H",0,3,171,343
"1045","G05","NTC","Saithe",0,20305,0,20305,"Plate_H",0,3,171,343
"1046","A01","NTC","Saithe",0,19503,0,19503,"Plate_I",0,3,171,343
"1047","A06","NTC","Saithe",0,18053,0,18053,"Plate_I",0,3,171,343
"1048","A01","NTC","Saithe",0,17430,0,17430,"Plate_J",0,3,171,343
"1049","C08","NTC","Saithe",0,18338,0,18338,"Plate_J",0,3,171,343
"1050","E04","NTC","Saithe",0,18718,0,18718,"Plate_J",0,3,171,343
"1051","A10","NTC","Saithe",0,18619,0,18619,"Std_CS",0,3,171,343
"1052","B10","NTC","Saithe",0,21347,0,21347,"Std_CS",0,3,171,343
