"Well","Sample.description.1","Sample.description.2","Sample.description.3","Sample.description.4","Target","Conc.copies.µL.","pg.µL","Status","Status.Reason","Experiment","SampleType","TargetType","Supermix","DyeName.s.","Copies.20µLWell","TotalConfMax","TotalConfMin","PoissonConfMax","PoissonConfMin","Accepted.Droplets","Positives","Negatives","Copies.uL.linked.molecules","CNV","TotalCNVMax","TotalCNVMin","PoissonCNVMax","PoissonCNVMin","ReferenceCopies","UnknownCopies","Threshold1","Threshold2","Threshold3","ThresholdSigmaAbove","ThresholdSigmaBelow","ReferenceUsed","Ratio","TotalRatioMax","TotalRatioMin","PoissonRatioMax","PoissonRatioMin","Fractional.Abundance","TotalFractionalAbundanceMax","TotalFractionalAbundanceMin","PoissonFractionalAbundanceMax","PoissonFractionalAbundanceMin","MeanAmplitudeOfPositives","MeanAmplitudeOfNegatives","MeanAmplitudeTotal","ExperimentComments","MergedWells","TotalConfidenceMax68","TotalConfidenceMin68","PoissonConfidenceMax68","PoissonConfidenceMin68","TotalCNVMax68","TotalCNVMin68","PoissonCNVMax68","PoissonCNVMin68","TotalRatioMax68","TotalRatioMin68","PoissonRatioMax68","PoissonRatioMin68","TotalFractionalAbundanceMax68","TotalFractionalAbundanceMin68","PoissonFractionalAbundanceMax68","PoissonFractionalAbundanceMin68","TiltCorrected","Ch1.Ch2.","Ch1.Ch2..1","Ch1.Ch2..2","Ch1.Ch2..3","Species","assay"
"A01","CH1_rep1",NA,NA,NA,"FAM",1e+06,NA,"Manual","Droplets Analyzed Manually","DQ","Unknown","Unknown","ddPCR Supermix for Probes (no dUTP)","FAM",2e+07,NA,NA,1e+06,10305.3994140625,19089,19089,0,0,2,NA,NA,3.39963952675606,0.600360473243944,2,NA,8900.00390625,NA,NA,5.80782086790475,NA,"HEX",1,NA,NA,1.69981976337803,0.300180236621972,50,NA,NA,67.4954940844507,32.5045059155493,9943.46029796897,NA,9943.46029796897,NA,NA,NA,NA,1e+06,11226.8076171875,NA,NA,3.39833645877872,0.601663541221285,NA,NA,1.69916822938936,0.300831770610643,NA,NA,67.4792057347339,32.5207942652661,"No",19089,0,0,0,"Herring","Cod + Herring"
"A01","CH1_rep1",NA,NA,NA,"HEX",1e+06,NA,"Manual","Droplets Analyzed Manually","DQ","Unknown","Unknown","ddPCR Supermix for Probes (no dUTP)","HEX",2e+07,NA,NA,1e+06,10305.3994140625,19089,19089,0,0,NA,NA,NA,NA,NA,NA,NA,2050.001953125,NA,NA,18.0894617887838,NA,"",NA,NA,NA,NA,NA,NA,NA,NA,NA,NA,4328.42759517302,NA,4328.42759517302,NA,NA,NA,NA,1e+06,11226.8076171875,NA,NA,NA,NA,NA,NA,NA,NA,NA,NA,NA,NA,"No",19089,0,0,0,"Cod","Cod + Herring"
"A02","CH1_rep2",NA,NA,NA,"FAM",1e+06,NA,"Manual","Droplets Analyzed Manually","DQ","Unknown","Unknown","ddPCR Supermix for Probes (no dUTP)","FAM",2e+07,NA,NA,1e+06,10256.5107421875,18312,18312,0,0,2,NA,NA,3.39970866577887,0.600291334221132,2,NA,8900,NA,NA,5.92869465393697,NA,"HEX",1,NA,NA,1.69985433288943,0.300145667110566,50,NA,NA,67.4963583222358,32.5036416777642,9966.2631123994,NA,9966.2631123994,NA,NA,NA,NA,1e+06,11177.9189453125,NA,NA,3.39840559780153,0.601594402198473,NA,NA,1.69920279890076,0.300797201099236,NA,NA,67.4800699725191,32.5199300274809,"No",18312,0,0,0,"Herring","Cod + Herring"
"A02","CH1_rep2",NA,NA,NA,"HEX",1e+06,NA,"Manual","Droplets Analyzed Manually","DQ","Unknown","Unknown","ddPCR Supermix for Probes (no dUTP)","HEX",2e+07,NA,NA,1e+06,10256.5107421875,18312,18312,0,0,NA,NA,NA,NA,NA,NA,NA,2050,NA,NA,17.4490919333372,NA,"",NA,NA,NA,NA,NA,NA,NA,NA,NA,NA,4217.49737774144,NA,4217.49737774144,NA,NA,NA,NA,1e+06,11177.9189453125,NA,NA,NA,NA,NA,NA,NA,NA,NA,NA,NA,NA,"No",18312,0,0,0,"Cod","Cod + Herring"
"A03","CH1_rep3",NA,NA,NA,"FAM",1e+06,NA,"Manual","Droplets Analyzed Manually","DQ","Unknown","Unknown","ddPCR Supermix for Probes (no dUTP)","FAM",2e+07,NA,NA,1e+06,10273.4765625,18578,18578,0,0,2,NA,NA,3.39968467248569,0.600315327514314,2,NA,8900,NA,NA,6.31786301181859,NA,"HEX",1,NA,NA,1.69984233624284,0.300157663757157,50,NA,NA,67.4960584060711,32.5039415939289,10055.4514798039,NA,10055.4514798039,NA,NA,NA,NA,1e+06,11194.8857421875,NA,NA,3.39838160312728,0.601618396872724,NA,NA,1.69919080156364,0.300809198436362,NA,NA,67.479770039091,32.520229960909,"No",18578,0,0,0,"Herring","Cod + Herring"
"A03","CH1_rep3",NA,NA,NA,"HEX",1e+06,NA,"Manual","Droplets Analyzed Manually","DQ","Unknown","Unknown","ddPCR Supermix for Probes (no dUTP)","HEX",2e+07,NA,NA,1e+06,10273.4765625,18578,18578,0,0,NA,NA,NA,NA,NA,NA,NA,2050,NA,NA,17.6797276081168,NA,"",NA,NA,NA,NA,NA,NA,NA,NA,NA,NA,4233.99881527798,NA,4233.99881527798,NA,NA,NA,NA,1e+06,11194.8857421875,NA,NA,NA,NA,NA,NA,NA,NA,NA,NA,NA,NA,"No",18578,0,0,0,"Cod","Cod + Herring"
"A04","CH1_rep4",NA,NA,NA,"FAM",1e+06,NA,"Manual","Droplets Analyzed Manually","DQ","Unknown","Unknown","ddPCR Supermix for Probes (no dUTP)","FAM",2e+07,NA,NA,1e+06,10264.513671875,18437,18437,0,0,2,NA,NA,3.39969734792717,0.600302652072835,2,NA,8900,NA,NA,6.41331445848716,NA,"HEX",1,NA,NA,1.69984867396358,0.300151326036417,50,NA,NA,67.4962168490896,32.5037831509104,10052.3519648944,NA,10052.3519648944,NA,NA,NA,NA,1e+06,11185.9228515625,NA,NA,3.39839427856876,0.601605721431244,NA,NA,1.69919713928438,0.300802860715622,NA,NA,67.4799284821095,32.5200715178905,"No",18437,0,0,0,"Herring","Cod + Herring"
"A04","CH1_rep4",NA,NA,NA,"HEX",1e+06,NA,"Manual","Droplets Analyzed Manually","DQ","Unknown","Unknown","ddPCR Supermix for Probes (no dUTP)","HEX",2e+07,NA,NA,1e+06,10264.513671875,18437,18437,0,0,NA,NA,NA,NA,NA,NA,NA,2050,NA,NA,18.0856636024055,NA,"",NA,NA,NA,NA,NA,NA,NA,NA,NA,NA,4221.41296301309,NA,4221.41296301309,NA,NA,NA,NA,1e+06,11185.9228515625,NA,NA,NA,NA,NA,NA,NA,NA,NA,NA,NA,NA,"No",18437,0,0,0,"Cod","Cod + Herring"
"A05","CH1_rep5",NA,NA,NA,"FAM",1e+06,NA,"Manual","Droplets Analyzed Manually","DQ","Unknown","Unknown","ddPCR Supermix for Probes (no dUTP)","FAM",2e+07,NA,NA,1e+06,10245.2783203125,18138,18138,0,0,2,NA,NA,3.39972455082222,0.600275449177778,2,NA,8900,NA,NA,6.39705143380149,NA,"HEX",1,NA,NA,1.69986227541111,0.300137724588889,50,NA,NA,67.4965568852778,32.5034431147222,10070.7216676272,NA,10070.7216676272,NA,NA,NA,NA,1e+06,11166.6865234375,NA,NA,3.39842148284488,0.601578517155119,NA,NA,1.69921074142244,0.30078925857756,NA,NA,67.480268535561,32.519731464439,"No",18138,0,0,0,"Herring","Cod + Herring"
"A05","CH1_rep5",NA,NA,NA,"HEX",1e+06,NA,"Manual","Droplets Analyzed Manually","DQ","Unknown","Unknown","ddPCR Supermix for Probes (no dUTP)","HEX",2e+07,NA,NA,1e+06,10245.2783203125,18138,18138,0,0,NA,NA,NA,NA,NA,NA,NA,2050,NA,NA,17.2168474770265,NA,"",NA,NA,NA,NA,NA,NA,NA,NA,NA,NA,4204.70674051025,NA,4204.70674051025,NA,NA,NA,NA,1e+06,11166.6865234375,NA,NA,NA,NA,NA,NA,NA,NA,NA,NA,NA,NA,"No",18138,0,0,0,"Cod","Cod + Herring"
"A06","CH1_rep6",NA,NA,NA,"FAM",1e+06,NA,"Manual","Droplets Analyzed Manually","DQ","Unknown","Unknown","ddPCR Supermix for Probes (no dUTP)","FAM",2e+07,NA,NA,1e+06,10258.8203125,18348,18348,0,0,2,NA,NA,3.39970539955321,0.600294600446791,2,NA,8900,NA,NA,6.14118183166616,NA,"HEX",1,NA,NA,1.6998526997766,0.300147300223396,50,NA,NA,67.4963174944151,32.5036825055849,9990.26998429665,NA,9990.26998429665,NA,NA,NA,NA,1e+06,11180.23046875,NA,NA,3.39840232881373,0.601597671186268,NA,NA,1.69920116440687,0.300798835593134,NA,NA,67.4800291101716,32.5199708898284,"No",18348,0,0,0,"Herring","Cod + Herring"
"A06","CH1_rep6",NA,NA,NA,"HEX",1e+06,NA,"Manual","Droplets Analyzed Manually","DQ","Unknown","Unknown","ddPCR Supermix for Probes (no dUTP)","HEX",2e+07,NA,NA,1e+06,10258.8203125,18348,18348,0,0,NA,NA,NA,NA,NA,NA,NA,2050,NA,NA,17.2000321725516,NA,"",NA,NA,NA,NA,NA,NA,NA,NA,NA,NA,4147.46881818054,NA,4147.46881818054,NA,NA,NA,NA,1e+06,11180.23046875,NA,NA,NA,NA,NA,NA,NA,NA,NA,NA,NA,NA,"No",18348,0,0,0,"Cod","Cod + Herring"
"A07","CH1_rep7",NA,NA,NA,"FAM",1e+06,NA,"Manual","Droplets Analyzed Manually","DQ","Unknown","Unknown","ddPCR Supermix for Probes (no dUTP)","FAM",2e+07,NA,NA,1e+06,10331.064453125,19510,19510,0,0,2,NA,NA,3.39960323090973,0.600396769090265,2,NA,8900,NA,NA,5.74175560214451,NA,"HEX",1,NA,NA,1.69980161545487,0.300198384545132,50,NA,NA,67.4950403863717,32.5049596136283,9894.24542657411,NA,9894.24542657411,NA,NA,NA,NA,1e+06,11252.47265625,NA,NA,3.39830016293239,0.601699837067606,NA,NA,1.6991500814662,0.300849918533803,NA,NA,67.4787520366549,32.5212479633451,"No",19510,0,0,0,"Herring","Cod + Herring"
"A07","CH1_rep7",NA,NA,NA,"HEX",1e+06,NA,"Manual","Droplets Analyzed Manually","DQ","Unknown","Unknown","ddPCR Supermix for Probes (no dUTP)","HEX",2e+07,NA,NA,1e+06,10331.064453125,19510,19510,0,0,NA,NA,NA,NA,NA,NA,NA,2050,NA,NA,17.0333294625114,NA,"",NA,NA,NA,NA,NA,NA,NA,NA,NA,NA,4110.25829988027,NA,4110.25829988027,NA,NA,NA,NA,1e+06,11252.47265625,NA,NA,NA,NA,NA,NA,NA,NA,NA,NA,NA,NA,"No",19510,0,0,0,"Cod","Cod + Herring"
"A08","CH1_rep8",NA,NA,NA,"FAM",1e+06,NA,"Manual","Droplets Analyzed Manually","DQ","Unknown","Unknown","ddPCR Supermix for Probes (no dUTP)","FAM",2e+07,NA,NA,1e+06,10267.5087890625,18484,18484,0,0,2,NA,NA,3.39969311219182,0.600306887808182,2,NA,8900,NA,NA,5.31632008491363,NA,"HEX",1,NA,NA,1.69984655609591,0.300153443904091,50,NA,NA,67.4961639023977,32.5038360976023,9823.16364226747,NA,9823.16364226747,NA,NA,NA,NA,1e+06,11188.91796875,NA,NA,3.39839004283341,0.601609957166591,NA,NA,1.6991950214167,0.300804978583296,NA,NA,67.4798755354176,32.5201244645824,"No",18484,0,0,0,"Herring","Cod + Herring"
"A08","CH1_rep8",NA,NA,NA,"HEX",1e+06,NA,"Manual","Droplets Analyzed Manually","DQ","Unknown","Unknown","ddPCR Supermix for Probes (no dUTP)","HEX",2e+07,NA,NA,1e+06,10267.5087890625,18484,18484,0,0,NA,NA,NA,NA,NA,NA,NA,2050,NA,NA,17.0348357061462,NA,"",NA,NA,NA,NA,NA,NA,NA,NA,NA,NA,4060.11259555879,NA,4060.11259555879,NA,NA,NA,NA,1e+06,11188.91796875,NA,NA,NA,NA,NA,NA,NA,NA,NA,NA,NA,NA,"No",18484,0,0,0,"Cod","Cod + Herring"
"A09","CH9_rep1",NA,NA,NA,"FAM",0,NA,"Manual","Droplets Analyzed Manually","DQ","Unknown","Unknown","ddPCR Supermix for Probes (no dUTP)","FAM",0,NA,NA,0.174892976880074,0,20155,0,20155,0,0,NA,NA,NA,NA,2,NA,8900,NA,NA,NA,15.509699018711,"HEX",NA,NA,NA,NA,NA,NA,NA,NA,NA,NA,NA,6982.77587154145,6982.77587154145,NA,NA,NA,NA,0.0799128189682961,0,NA,NA,NA,NA,NA,NA,NA,NA,NA,NA,NA,NA,"No",0,0,1,20154,"Herring","Cod + Herring"
"A09","CH9_rep1",NA,NA,NA,"HEX",0.0583726018667221,NA,"Manual","Droplets Analyzed Manually","DQ","Unknown","Unknown","ddPCR Supermix for Probes (no dUTP)","HEX",1.16745209693909,NA,NA,0.278813660144806,0.00245159072801471,20155,1,20154,0,NA,NA,NA,NA,NA,NA,NA,2050,NA,NA,NA,9.4871899377122,"",NA,NA,NA,NA,NA,NA,NA,NA,NA,NA,3957.52392578125,1333.73503035719,1333.86521090274,NA,NA,NA,NA,0.145294770598412,0.0158186890184879,NA,NA,NA,NA,NA,NA,NA,NA,NA,NA,NA,NA,"No",0,0,1,20154,"Cod","Cod + Herring"
"A10","NTC",NA,NA,NA,"FAM",0,NA,"Manual","Droplets Analyzed Manually","DQ","Unknown","Unknown","ddPCR Supermix for Probes (no dUTP)","FAM",0,NA,NA,0.170956984162331,0,20619,0,20619,0,0,NA,NA,NA,NA,2,NA,8900,NA,NA,NA,12.785418923901,"HEX",NA,NA,NA,NA,NA,NA,NA,NA,NA,NA,NA,7195.94371184496,7195.94371184496,NA,NA,NA,NA,0.0781144425272942,0,NA,NA,NA,NA,NA,NA,NA,NA,NA,NA,NA,NA,"No",0,0,1,20618,"Herring","Cod + Herring"
"A10","NTC",NA,NA,NA,"HEX",0.0570589788258076,NA,"Manual","Droplets Analyzed Manually","DQ","Unknown","Unknown","ddPCR Supermix for Probes (no dUTP)","HEX",1.14117956161499,NA,NA,0.272538632154465,0.00239642150700092,20619,1,20618,0,NA,NA,NA,NA,NA,NA,NA,2050,NA,NA,NA,9.07599370522328,"",NA,NA,NA,NA,NA,NA,NA,NA,NA,NA,6479.55859375,1360.61464113388,1360.86290457792,NA,NA,NA,NA,0.14202493429184,0.0154627095907927,NA,NA,NA,NA,NA,NA,NA,NA,NA,NA,NA,NA,"No",0,0,1,20618,"Cod","Cod + Herring"
"B01","CH2_rep1",NA,NA,NA,"FAM",5276.005859375,NA,"Manual","Droplets Analyzed Manually","DQ","Unknown","Unknown","ddPCR Supermix for Probes (no dUTP)","FAM",105520.1171875,NA,NA,5438.20556640625,5133.48291015625,20299,20070,229,2986.69974981477,1.12503027915955,NA,NA,1.23726053873411,1.01280003235521,2,NA,8900.0048828125,NA,NA,3.17030589767347,2.12655809300302,"HEX",0.562515142772331,NA,NA,0.618630269367054,0.506400016177607,36.0006202419437,NA,NA,38.2990512771368,33.7021892067506,10119.1814140742,8363.81659388646,10099.3785398526,NA,NA,NA,NA,5355.96630859375,5201.13623046875,NA,NA,1.18141571285998,1.06864485822934,NA,NA,0.59070785642999,0.534322429114671,NA,NA,37.1553714110014,34.845869072886,"No",20064,6,228,1,"Herring","Cod + Herring"
"B01","CH2_rep1",NA,NA,NA,"HEX",9379.3134765625,NA,"Manual","Droplets Analyzed Manually","DQ","Unknown","Unknown","ddPCR Supermix for Probes (no dUTP)","HEX",187586.265625,NA,NA,10386.375,8595.1845703125,20299,20292,7,2986.69974981477,NA,NA,NA,NA,NA,NA,NA,2050.0029296875,NA,NA,17.0762346457133,4.75702139385884,"",NA,NA,NA,NA,NA,NA,NA,NA,NA,NA,4425.29713879989,1541.38542829241,4424.30263749571,NA,NA,NA,NA,9857.255859375,8958.28515625,NA,NA,NA,NA,NA,NA,NA,NA,NA,NA,NA,NA,"No",20064,6,228,1,"Cod","Cod + Herring"
"B02","CH2_rep2",NA,NA,NA,"FAM",5249.82763671875,NA,"Manual","Droplets Analyzed Manually","DQ","Unknown","Unknown","ddPCR Supermix for Probes (no dUTP)","FAM",104996.5546875,NA,NA,5411.62646484375,5107.6142578125,19939,19709,230,3957.34271000855,1.10063719749451,NA,NA,1.21721265656112,0.984061716770644,2,NA,8900.00390625,NA,NA,3.1475415514807,2.05448537758631,"HEX",0.550318593332942,NA,NA,0.608606328280561,0.492030858385322,35.49712915136,NA,NA,37.9222605118136,33.0719977909063,10122.3414316984,8392.41409009851,10102.3864044369,NA,NA,NA,NA,5329.59765625,5175.125,NA,NA,1.15906165390164,1.04221271943013,NA,NA,0.57953082695082,0.521106359715063,NA,NA,36.7125392872879,34.2817190154321,"No",19705,4,228,2,"Herring","Cod + Herring"
"B02","CH2_rep2",NA,NA,NA,"HEX",9539.615234375,NA,"Manual","Droplets Analyzed Manually","DQ","Unknown","Unknown","ddPCR Supermix for Probes (no dUTP)","HEX",190792.3125,NA,NA,10642.3740234375,8698.546875,19939,19933,6,3957.34271000855,NA,NA,NA,NA,NA,NA,NA,2050.001953125,NA,NA,16.1922011332277,3.69973205992243,"",NA,NA,NA,NA,NA,NA,NA,NA,NA,NA,4311.92728237251,1498.74302164714,4311.08074515578,NA,NA,NA,NA,10059.4619140625,9086.3662109375,NA,NA,NA,NA,NA,NA,NA,NA,NA,NA,NA,NA,"No",19705,4,228,2,"Cod","Cod + Herring"
"B03","CH2_rep3",NA,NA,NA,"FAM",5397.7763671875,NA,"Manual","Droplets Analyzed Manually","DQ","Unknown","Unknown","ddPCR Supermix for Probes (no dUTP)","FAM",107955.53125,NA,NA,5571.8583984375,5246.1640625,19760,19559,201,0,1.04360580444336,NA,NA,1.1902226279853,0.896988982305184,2,NA,8900.00390625,NA,NA,3.05235979835523,2.24824916100542,"HEX",0.52180290257262,NA,NA,0.595111313992648,0.448494491152592,34.2884680854865,NA,NA,37.4539292687225,31.1230069022505,10041.8090596381,8382.18085111552,10024.9272139947,NA,NA,NA,NA,5483.375,5317.98583984375,NA,NA,1.11614187780515,0.971069732485336,NA,NA,0.558070938902573,0.485534866242668,NA,NA,35.8545238623177,32.7224123086553,"No",19556,3,201,0,"Herring","Cod + Herring"
"B03","CH2_rep3",NA,NA,NA,"HEX",10344.4736328125,NA,"Manual","Droplets Analyzed Manually","DQ","Unknown","Unknown","ddPCR Supermix for Probes (no dUTP)","HEX",206889.46875,NA,NA,12036.5791015625,9197.78515625,19760,19757,3,0,NA,NA,NA,NA,NA,NA,NA,2050.001953125,NA,NA,16.0913577407659,26.516327167536,"",NA,NA,NA,NA,NA,NA,NA,NA,NA,NA,4267.65488620084,1484.89428710938,4267.23240230421,NA,NA,NA,NA,11114.5537109375,9711.9296875,NA,NA,NA,NA,NA,NA,NA,NA,NA,NA,NA,NA,"No",19556,3,201,0,"Cod","Cod + Herring"
"B04","CH2_rep4",NA,NA,NA,"FAM",5583.82763671875,NA,"Manual","Droplets Analyzed Manually","DQ","Unknown","Unknown","ddPCR Supermix for Probes (no dUTP)","FAM",111676.5546875,NA,NA,5773.96435546875,5420.1865234375,19691,19520,171,0,1.28224956989288,NA,NA,1.3897940041367,1.17470520817037,2,NA,8900.00390625,NA,NA,3.19924122909979,2.36134245482608,"HEX",0.641124803076768,NA,NA,0.694897002068352,0.587352604085183,39.0661820401954,NA,NA,41.0627062402493,37.0696578401414,10084.7250935039,8422.61839249817,10070.2910756342,NA,NA,NA,NA,5676.99658203125,5497.498046875,NA,NA,1.33650300128605,1.22799621102102,NA,NA,0.668251500643027,0.613998105510508,NA,NA,40.073377378572,38.0589867018188,"No",19508,12,171,0,"Herring","Cod + Herring"
"B04","CH2_rep4",NA,NA,NA,"HEX",8709.423828125,NA,"Manual","Droplets Analyzed Manually","DQ","Unknown","Unknown","ddPCR Supermix for Probes (no dUTP)","HEX",174188.46875,NA,NA,9449.8828125,8097.15380859375,19691,19679,12,0,NA,NA,NA,NA,NA,NA,NA,3755.88452148438,NA,NA,3.782938892499,1.06505980330151,"",NA,NA,NA,NA,NA,NA,NA,NA,NA,NA,4261.67133932726,3694.48750813802,4261.32568872677,NA,NA,NA,NA,9066.7158203125,8384.9541015625,NA,NA,NA,NA,NA,NA,NA,NA,NA,NA,NA,NA,"No",19508,12,171,0,"Cod","Cod + Herring"
"B05","CH2_rep5",NA,NA,NA,"FAM",5242.78515625,NA,"Manual","Droplets Analyzed Manually","DQ","Unknown","Unknown","ddPCR Supermix for Probes (no dUTP)","FAM",104855.703125,NA,NA,5404.578125,5100.57666015625,19820,19590,230,0,0.900781512260437,NA,NA,1.11783382696651,0.683729240100005,2,NA,8900.00390625,NA,NA,2.89213345438172,1.9792858728429,"HEX",0.450390766766628,NA,NA,0.558916913483254,0.341864620050003,31.0530635664959,NA,NA,36.2120493450149,25.8940777879769,9937.48479209538,8384.56810037364,9919.46406358398,NA,NA,NA,NA,5322.55224609375,5168.0849609375,NA,NA,1.00259045539581,0.798972611670705,NA,NA,0.501295227697904,0.399486305835352,NA,NA,33.4728987670706,28.6332283659212,"No",19589,1,230,0,"Herring","Cod + Herring"
"B05","CH2_rep5",NA,NA,NA,"HEX",11640.525390625,NA,"Manual","Droplets Analyzed Manually","DQ","Unknown","Unknown","ddPCR Supermix for Probes (no dUTP)","HEX",232810.5,NA,NA,15370.0380859375,9800.9912109375,19820,19819,1,0,NA,NA,NA,NA,NA,NA,NA,2050.001953125,NA,NA,15.8696711683597,NA,"",NA,NA,NA,NA,NA,NA,NA,NA,NA,NA,4175.59211804329,1392.08837890625,4175.45167890408,NA,NA,NA,NA,13176.5693359375,10567.724609375,NA,NA,NA,NA,NA,NA,NA,NA,NA,NA,NA,NA,"No",19589,1,230,0,"Cod","Cod + Herring"
"B06","CH2_rep6",NA,NA,NA,"FAM",4883.6337890625,NA,"Manual","Droplets Analyzed Manually","DQ","Unknown","Unknown","ddPCR Supermix for Probes (no dUTP)","FAM",97672.671875,NA,NA,5018.12841796875,4762.94921875,20575,20251,324,3805.64426518484,0.997570812702179,NA,NA,1.10979895542338,0.885342694263332,2,NA,8900.00390625,NA,NA,2.66280057216771,1.50215860360624,"HEX",0.498785412421678,NA,NA,0.554899477711689,0.442671347131666,33.279307917453,NA,NA,35.777310126899,30.781305708007,9856.98194369645,8419.31875421971,9834.34267889011,NA,NA,NA,NA,4950.33203125,4820.5146484375,NA,NA,1.05368353946065,0.941458110226056,NA,NA,0.526841769730327,0.470729055113028,NA,NA,34.52827895856,32.030336876346,"No",20248,3,322,2,"Herring","Cod + Herring"
"B06","CH2_rep6",NA,NA,NA,"HEX",9791.0517578125,NA,"Manual","Droplets Analyzed Manually","DQ","Unknown","Unknown","ddPCR Supermix for Probes (no dUTP)","HEX",195821.03125,NA,NA,11020.7705078125,8877.9833984375,20575,20570,5,3805.64426518484,NA,NA,NA,NA,NA,NA,NA,2050.001953125,NA,NA,15.5118341311907,5.34204524945881,"",NA,NA,NA,NA,NA,NA,NA,NA,NA,NA,4122.39381908812,1468.94604492188,4121.74899581371,NA,NA,NA,NA,10366.421875,9296.1318359375,NA,NA,NA,NA,NA,NA,NA,NA,NA,NA,NA,NA,"No",20248,3,322,2,"Cod","Cod + Herring"
"B07","CH2_rep7",NA,NA,NA,"FAM",4233.05322265625,NA,"Manual","Droplets Analyzed Manually","DQ","Unknown","Unknown","ddPCR Supermix for Probes (no dUTP)","FAM",84661.0625,NA,NA,4331.75244140625,4141.99755859375,21077,20500,577,3756.03553109911,0.881434798240662,NA,NA,0.972788270461376,0.790081345955105,2,NA,8900.00390625,NA,NA,2.30460768896168,1.02344024160149,"HEX",0.44071740410412,NA,NA,0.486394135230688,0.395040672977553,30.5901353623316,NA,NA,32.7907166252183,28.3895540994449,9653.39403115472,8533.64039820732,9622.73986565628,NA,NA,NA,NA,4282.375,4185.716796875,NA,NA,0.92720490497181,0.835664711444671,NA,NA,0.463602452485905,0.417832355722335,NA,NA,31.6926750456041,29.4875956790591,"No",20498,2,573,4,"Herring","Cod + Herring"
"B07","CH2_rep7",NA,NA,NA,"HEX",9604.9150390625,NA,"Manual","Droplets Analyzed Manually","DQ","Unknown","Unknown","ddPCR Supermix for Probes (no dUTP)","HEX",192098.296875,NA,NA,10707.673828125,8763.8466796875,21077,21071,6,3756.03553109911,NA,NA,NA,NA,NA,NA,NA,2050.001953125,NA,NA,15.256212842741,7.42115380217969,"",NA,NA,NA,NA,NA,NA,NA,NA,NA,NA,4005.93916168799,1407.72029622396,4005.19952544029,NA,NA,NA,NA,10124.76171875,9151.666015625,NA,NA,NA,NA,NA,NA,NA,NA,NA,NA,NA,NA,"No",20498,2,573,4,"Cod","Cod + Herring"
"B08","CH2_rep8",NA,NA,NA,"FAM",4469.85595703125,NA,"Manual","Droplets Analyzed Manually","DQ","Unknown","Unknown","ddPCR Supermix for Probes (no dUTP)","FAM",89397.1171875,NA,NA,4582.95947265625,4366.6787109375,19969,19522,447,4207.33411992763,0.916340827941895,NA,NA,1.01938667475032,0.813294974999803,2,NA,8900.00390625,NA,NA,2.44945318940146,1.24842972442864,"HEX",0.45817041243753,NA,NA,0.509693337375159,0.406647487499901,31.4209099656354,NA,NA,33.8440803152689,28.9977396160019,9763.5494318109,8465.05275840674,9734.48297815716,NA,NA,NA,NA,4526.203125,4416.0849609375,NA,NA,0.967857155244656,0.864824494505465,NA,NA,0.483928577622328,0.432412247252732,NA,NA,32.6323400661648,30.2094798651059,"No",19521,1,443,4,"Herring","Cod + Herring"
"B08","CH2_rep8",NA,NA,NA,"HEX",9755.880859375,NA,"Manual","Droplets Analyzed Manually","DQ","Unknown","Unknown","ddPCR Supermix for Probes (no dUTP)","HEX",195117.625,NA,NA,10985.599609375,8842.8115234375,19969,19964,5,4207.33411992763,NA,NA,NA,NA,NA,NA,NA,2050.001953125,NA,NA,15.2345622897089,5.59419251271721,"",NA,NA,NA,NA,NA,NA,NA,NA,NA,NA,4072.42630772255,1389.07976074219,4071.75442967483,NA,NA,NA,NA,10331.25,9260.9599609375,NA,NA,NA,NA,NA,NA,NA,NA,NA,NA,NA,NA,"No",19521,1,443,4,"Cod","Cod + Herring"
"B09","CH9_rep2",NA,NA,NA,"FAM",0,NA,"Manual","Droplets Analyzed Manually","DQ","Unknown","Unknown","ddPCR Supermix for Probes (no dUTP)","FAM",0,NA,NA,0.171039938926697,0,20609,0,20609,0,0,NA,NA,NA,NA,2,NA,8900.00390625,NA,NA,NA,17.1445482240456,"HEX",NA,NA,NA,NA,NA,NA,NA,NA,NA,NA,NA,6815.74582329872,6815.74582329872,NA,NA,NA,NA,0.0781523436307907,0,NA,NA,NA,NA,NA,NA,NA,NA,NA,NA,NA,NA,"No",0,0,1,20608,"Herring","Cod + Herring"
"B09","CH9_rep2",NA,NA,NA,"HEX",0.0570866651833057,NA,"Manual","Droplets Analyzed Manually","DQ","Unknown","Unknown","ddPCR Supermix for Probes (no dUTP)","HEX",1.14173328876495,NA,NA,0.272670894861221,0.00239758426323533,20609,1,20608,0,NA,NA,NA,NA,NA,NA,NA,2050.001953125,NA,NA,NA,10.2314328099536,"",NA,NA,NA,NA,NA,NA,NA,NA,NA,NA,3949.82763671875,1290.79170758976,1290.9207306345,NA,NA,NA,NA,0.142093852162361,0.0154702123254538,NA,NA,NA,NA,NA,NA,NA,NA,NA,NA,NA,NA,"No",0,0,1,20608,"Cod","Cod + Herring"
"B10","NTC",NA,NA,NA,"FAM",0,NA,"Manual","Droplets Analyzed Manually","DQ","Unknown","Unknown","ddPCR Supermix for Probes (no dUTP)","FAM",0,NA,NA,0.167535975575447,0,21040,0,21040,0,NA,NA,NA,NA,NA,NA,NA,8900.00390625,NA,NA,NA,12.734857009072,"HEX",NA,NA,NA,NA,NA,NA,NA,NA,NA,NA,NA,7259.37715022446,7259.37715022446,NA,NA,NA,NA,0.0765513628721237,0,NA,NA,NA,NA,NA,NA,NA,NA,NA,NA,NA,NA,"No",0,0,0,21040,"Herring","Cod + Herring"
"B10","NTC",NA,NA,NA,"HEX",0,NA,"Manual","Droplets Analyzed Manually","DQ","Unknown","Unknown","ddPCR Supermix for Probes (no dUTP)","HEX",0,NA,NA,0.167535975575447,0,21040,0,21040,0,NA,NA,NA,NA,NA,NA,NA,2050.001953125,NA,NA,NA,8.61166604986405,"",NA,NA,NA,NA,NA,NA,NA,NA,NA,NA,NA,1388.99715885409,1388.99715885409,NA,NA,NA,NA,0.0765513628721237,0,NA,NA,NA,NA,NA,NA,NA,NA,NA,NA,NA,NA,"No",0,0,0,21040,"Cod","Cod + Herring"
"C01","CH3_rep1",NA,NA,NA,"FAM",507.462890625,NA,"Manual","Droplets Analyzed Manually","DQ","Unknown","Unknown","ddPCR Supermix for Probes (no dUTP)","FAM",10149.2578125,NA,NA,519.284423828125,495.758972167969,20727,7262,13465,62.9001619072476,0.985106825828552,NA,NA,1.01426076092836,0.955952877271777,2,NA,8900.001953125,NA,NA,1.97295113546701,2.40594285119468,"HEX",0.492553409550034,NA,NA,0.507130380464179,0.477976438635888,33.0007225469088,NA,NA,33.6550686577102,32.3463764361074,10342.5512152031,7777.69180641217,8676.32687307109,NA,NA,NA,NA,513.479431152344,501.476989746094,NA,NA,0.999980665638962,0.970232972561174,NA,NA,0.499990332819481,0.485116486280587,NA,NA,33.3345588319884,32.6668862618292,"No",4545,2717,7548,5917,"Herring","Cod + Herring"
"C01","CH3_rep1",NA,NA,NA,"HEX",1030.26977539063,NA,"Manual","Droplets Analyzed Manually","DQ","Unknown","Unknown","ddPCR Supermix for Probes (no dUTP)","HEX",20605.39453125,NA,NA,1049.37939453125,1011.46557617188,20727,12093,8634,62.9001619072476,NA,NA,NA,NA,NA,NA,NA,2050,NA,NA,12.6034901098477,6.08640240377546,"",NA,NA,NA,NA,NA,NA,NA,NA,NA,NA,4239.23749886136,1432.72499418491,3070.16194690611,NA,NA,NA,NA,1039.98083496094,1020.63824462891,NA,NA,NA,NA,NA,NA,NA,NA,NA,NA,NA,NA,"No",4545,2717,7548,5917,"Cod","Cod + Herring"
"C02","CH3_rep2",NA,NA,NA,"FAM",517.68994140625,NA,"Manual","Droplets Analyzed Manually","DQ","Unknown","Unknown","ddPCR Supermix for Probes (no dUTP)","FAM",10353.798828125,NA,NA,529.944519042969,505.561706542969,19776,7040,12736,63.6273911454428,1.01337814331055,NA,NA,1.04396331648977,0.982793049821557,2,NA,8900,NA,NA,1.95668835465339,2.35533350413379,"HEX",0.506689091577832,NA,NA,0.521981658244887,0.491396524910778,33.6293064315756,NA,NA,34.3029545397403,32.955658323411,10308.3599698153,7792.0593098396,8687.82977131964,NA,NA,NA,NA,523.926330566406,511.486450195313,NA,NA,1.02898218797162,0.997774178339713,NA,NA,0.514491093985809,0.498887089169856,NA,NA,33.9729900182787,33.2856228448725,"No",4383,2657,7095,5641,"Herring","Cod + Herring"
"C02","CH3_rep2",NA,NA,NA,"HEX",1021.71124267578,NA,"Manual","Droplets Analyzed Manually","DQ","Unknown","Unknown","ddPCR Supermix for Probes (no dUTP)","HEX",20434.224609375,NA,NA,1041.15588378906,1002.58282470703,19776,11478,8298,63.6273911454428,NA,NA,NA,NA,NA,NA,NA,2050,NA,NA,12.5632036465886,6.60081210160038,"",NA,NA,NA,NA,NA,NA,NA,NA,NA,NA,4163.66411397415,1397.6392930243,3003.04144183409,NA,NA,NA,NA,1031.591796875,1011.91296386719,NA,NA,NA,NA,NA,NA,NA,NA,NA,NA,NA,NA,"No",4383,2657,7095,5641,"Cod","Cod + Herring"
"C03","CH3_rep3",NA,NA,NA,"FAM",578.061401367188,NA,"Manual","Droplets Analyzed Manually","DQ","Unknown","Unknown","ddPCR Supermix for Probes (no dUTP)","FAM",11561.228515625,NA,NA,591.188232421875,565.079406738281,19799,7686,12113,64.9941080810292,1.06034791469574,NA,NA,1.09135058227911,1.02934533867149,2,NA,8900,NA,NA,1.83312120639198,1.96435518193059,"HEX",0.530173980237651,NA,NA,0.545675291139554,0.514672669335747,34.6479542251339,NA,NA,35.3099981447895,33.9859103054783,10388.6455431344,7951.34322809978,8897.50745828092,NA,NA,NA,NA,584.740478515625,571.420043945313,NA,NA,1.07616488637842,1.04453103457218,NA,NA,0.53808244318921,0.522265517286091,NA,NA,34.9857159695461,34.3101924807217,"No",4916,2770,7046,5067,"Herring","Cod + Herring"
"C03","CH3_rep3",NA,NA,NA,"HEX",1090.32397460938,NA,"Manual","Droplets Analyzed Manually","DQ","Unknown","Unknown","ddPCR Supermix for Probes (no dUTP)","HEX",21806.48046875,NA,NA,1110.74633789063,1070.25,19799,11962,7837,64.9941080810292,NA,NA,NA,NA,NA,NA,NA,2050,NA,NA,11.292518002207,5.74739941137211,"",NA,NA,NA,NA,NA,NA,NA,NA,NA,NA,4244.30688641881,1446.99399199735,3137.05191628996,NA,NA,NA,NA,1100.69921875,1080.03930664063,NA,NA,NA,NA,NA,NA,NA,NA,NA,NA,NA,NA,"No",4916,2770,7046,5067,"Cod","Cod + Herring"
"C04","CH3_rep4",NA,NA,NA,"FAM",496.046264648438,NA,"Manual","Droplets Analyzed Manually","DQ","Unknown","Unknown","ddPCR Supermix for Probes (no dUTP)","FAM",9920.92578125,NA,NA,507.874755859375,484.33544921875,20132,6926,13206,36.3966330318834,1.01077890396118,NA,NA,1.04144229547137,0.980115548774056,2,NA,8900,NA,NA,2.00599023062794,2.22596793769592,"HEX",0.505389461061356,NA,NA,0.520721147735684,0.490057774387028,33.5720073863834,NA,NA,34.2485453823639,32.895469390403,10371.017302894,7865.26162690609,8727.31526349919,NA,NA,NA,NA,502.066375732422,490.056793212891,NA,NA,1.02642291008597,0.995134934159453,NA,NA,0.513211455042986,0.497567467079726,NA,NA,33.9171668098253,33.2268479629415,"No",4099,2827,7292,5914,"Herring","Cod + Herring"
"C04","CH3_rep4",NA,NA,NA,"HEX",981.512878417969,NA,"Manual","Droplets Analyzed Manually","DQ","Unknown","Unknown","ddPCR Supermix for Probes (no dUTP)","HEX",19630.2578125,NA,NA,1000.212890625,963.105529785156,20132,11391,8741,36.3966330318834,NA,NA,NA,NA,NA,NA,NA,2050,NA,NA,11.9369718283353,6.44952255113005,"",NA,NA,NA,NA,NA,NA,NA,NA,NA,NA,4163.44718381614,1416.56532691717,2970.79397940754,NA,NA,NA,NA,991.016540527344,972.085388183594,NA,NA,NA,NA,NA,NA,NA,NA,NA,NA,NA,NA,"No",4099,2827,7292,5914,"Cod","Cod + Herring"
"C05","CH3_rep5",NA,NA,NA,"FAM",527.31005859375,NA,"Manual","Droplets Analyzed Manually","DQ","Unknown","Unknown","ddPCR Supermix for Probes (no dUTP)","FAM",10546.201171875,NA,NA,539.554931640625,515.191345214844,20264,7320,12944,65.5120417507384,0.972858548164368,NA,NA,1.00157948568917,0.944137619371738,2,NA,8900,NA,NA,1.96198961546985,2.21727953141262,"HEX",0.486429276265228,NA,NA,0.500789742844586,0.472068809685869,32.7246835105011,NA,NA,33.3746336625128,32.0747333584894,10296.9529671758,7867.57090417888,8745.14081639449,NA,NA,NA,NA,533.54150390625,521.111450195313,NA,NA,0.987511453408036,0.958205651652875,NA,NA,0.493755726704018,0.479102825826437,NA,NA,33.0562763281915,32.3930906928107,"No",4702,2618,7498,5446,"Herring","Cod + Herring"
"C05","CH3_rep5",NA,NA,NA,"HEX",1084.04260253906,NA,"Manual","Droplets Analyzed Manually","DQ","Unknown","Unknown","ddPCR Supermix for Probes (no dUTP)","HEX",21680.8515625,NA,NA,1104.13732910156,1064.28527832031,20264,12200,8064,65.5120417507384,NA,NA,NA,NA,NA,NA,NA,2050,NA,NA,12.3703961804324,6.65845394752127,"",NA,NA,NA,NA,NA,NA,NA,NA,NA,NA,4118.51948448306,1391.90527095492,3033.47127001943,NA,NA,NA,NA,1094.25219726563,1073.9208984375,NA,NA,NA,NA,NA,NA,NA,NA,NA,NA,NA,NA,"No",4702,2618,7498,5446,"Cod","Cod + Herring"
"C06","CH3_rep6",NA,NA,NA,"FAM",535.961608886719,NA,"Manual","Droplets Analyzed Manually","DQ","Unknown","Unknown","ddPCR Supermix for Probes (no dUTP)","FAM",10719.232421875,NA,NA,548.3837890625,523.669250488281,20095,7353,12742,67.5880758527286,1.00770032405853,NA,NA,1.03751487590007,0.977885692420633,2,NA,8900,NA,NA,1.95070208855512,2.2117418482468,"HEX",0.503850142080175,NA,NA,0.518757437950033,0.488942846210317,33.5040126659983,NA,NA,34.1631710020644,32.8448543299322,10316.1862499787,7875.74606792191,8768.73221664865,NA,NA,NA,NA,542.283081054688,529.673950195313,NA,NA,1.02291115793573,0.992489410384975,NA,NA,0.511455578967863,0.496244705192487,NA,NA,33.8403035109449,33.1677218210517,"No",4681,2672,7278,5464,"Herring","Cod + Herring"
"C06","CH3_rep6",NA,NA,NA,"HEX",1063.73217773438,NA,"Manual","Droplets Analyzed Manually","DQ","Unknown","Unknown","ddPCR Supermix for Probes (no dUTP)","HEX",21274.64453125,NA,NA,1083.62060546875,1044.17431640625,20095,11959,8136,67.5880758527286,NA,NA,NA,NA,NA,NA,NA,2050,NA,NA,12.2758963389297,6.70122454444322,"",NA,NA,NA,NA,NA,NA,NA,NA,NA,NA,4118.70442968962,1394.00346412021,3015.53612633691,NA,NA,NA,NA,1073.83740234375,1053.71313476563,NA,NA,NA,NA,NA,NA,NA,NA,NA,NA,NA,NA,"No",4681,2672,7278,5464,"Cod","Cod + Herring"
"C07","CH3_rep7",NA,NA,NA,"FAM",492.813781738281,NA,"Manual","Droplets Analyzed Manually","DQ","Unknown","Unknown","ddPCR Supermix for Probes (no dUTP)","FAM",9856.275390625,NA,NA,504.422210693359,481.318756103516,20732,7095,13637,91.0334175885869,0.956026673316956,NA,NA,0.984512659887003,0.927540701585491,2,NA,8900,NA,NA,1.93862927532838,2.35606203320636,"HEX",0.478013340368123,NA,NA,0.492256329943502,0.463770350792745,32.3416120350488,NA,NA,32.9936073101602,31.6896167599373,10192.8771715612,7762.00332043424,8593.90810404149,NA,NA,NA,NA,498.72216796875,486.934967041016,NA,NA,0.970559748329628,0.941493613142866,NA,NA,0.485279874164814,0.470746806571433,NA,NA,32.6742490616229,32.0089750084747,"No",4598,2497,7503,6134,"Herring","Cod + Herring"
"C07","CH3_rep7",NA,NA,NA,"HEX",1030.96240234375,NA,"Manual","Droplets Analyzed Manually","DQ","Unknown","Unknown","ddPCR Supermix for Probes (no dUTP)","HEX",20619.248046875,NA,NA,1050.07946777344,1012.15100097656,20732,12101,8631,91.0334175885869,NA,NA,NA,NA,NA,NA,NA,2050,NA,NA,12.3763332002134,6.95778218067114,"",NA,NA,NA,NA,NA,NA,NA,NA,NA,NA,4045.40212654333,1366.99809873826,2930.34785469375,NA,NA,NA,NA,1040.67712402344,1021.32720947266,NA,NA,NA,NA,NA,NA,NA,NA,NA,NA,NA,NA,"No",4598,2497,7503,6134,"Cod","Cod + Herring"
"C08","CH3_rep8",NA,NA,NA,"FAM",515.702758789063,NA,"Manual","Droplets Analyzed Manually","DQ","Unknown","Unknown","ddPCR Supermix for Probes (no dUTP)","FAM",10314.0546875,NA,NA,528.773864746094,502.775299072266,17312,6144,11168,61.8731870546569,0.965606510639191,NA,NA,0.996651309541988,0.934561659267386,2,NA,8900,NA,NA,1.97152317227701,2.1725960036625,"HEX",0.482803242202343,NA,NA,0.498325654770994,0.467280829633693,32.5601690407189,NA,NA,33.2661486676283,31.8541894138095,10286.862552007,7901.92821019563,8748.33744056123,NA,NA,NA,NA,522.353515625,509.08935546875,NA,NA,0.981444870156051,0.949768098653322,NA,NA,0.490722435078026,0.474884049326661,NA,NA,32.9203442909947,32.1999937904431,"No",3909,2235,6420,4748,"Herring","Cod + Herring"
"C08","CH3_rep8",NA,NA,NA,"HEX",1068.14270019531,NA,"Manual","Droplets Analyzed Manually","DQ","Unknown","Unknown","ddPCR Supermix for Probes (no dUTP)","HEX",21362.853515625,NA,NA,1089.65246582031,1047.01916503906,17312,10329,6983,61.8731870546569,NA,NA,NA,NA,NA,NA,NA,2050,NA,NA,12.2647709166323,6.84548059011638,"",NA,NA,NA,NA,NA,NA,NA,NA,NA,NA,4102.78746784501,1396.18018735372,3011.04540224481,NA,NA,NA,NA,1079.06787109375,1057.31799316406,NA,NA,NA,NA,NA,NA,NA,NA,NA,NA,NA,NA,"No",3909,2235,6420,4748,"Cod","Cod + Herring"
"C09","CH9_rep3",NA,NA,NA,"FAM",0,NA,"Manual","Droplets Analyzed Manually","DQ","Unknown","Unknown","ddPCR Supermix for Probes (no dUTP)","FAM",0,NA,NA,0.170592918992043,0,20663,0,20663,0,NA,NA,NA,NA,NA,NA,NA,8900,NA,NA,NA,14.9463757683597,"HEX",NA,NA,NA,NA,NA,NA,NA,NA,NA,NA,NA,7084.74445652026,7084.74445652026,NA,NA,NA,NA,0.0779480934143066,0,NA,NA,NA,NA,NA,NA,NA,NA,NA,NA,NA,NA,"No",0,0,0,20663,"Herring","Cod + Herring"
"C09","CH9_rep3",NA,NA,NA,"HEX",0,NA,"Manual","Droplets Analyzed Manually","DQ","Unknown","Unknown","ddPCR Supermix for Probes (no dUTP)","HEX",0,NA,NA,0.170592918992043,0,20663,0,20663,0,NA,NA,NA,NA,NA,NA,NA,2050,NA,NA,NA,9.01134815155996,"",NA,NA,NA,NA,NA,NA,NA,NA,NA,NA,NA,1356.13661598007,1356.13661598007,NA,NA,NA,NA,0.0779480934143066,0,NA,NA,NA,NA,NA,NA,NA,NA,NA,NA,NA,NA,"No",0,0,0,20663,"Cod","Cod + Herring"
"C10","PC",NA,NA,NA,"FAM",0.707403302192688,NA,"Manual","Droplets Analyzed Manually","DQ","Unknown","Unknown","ddPCR Supermix for Probes (no dUTP)","FAM",14.1480655670166,NA,NA,1.19062745571136,0.376934051513672,19963,12,19951,0.0339624015606858,0.0317933186888695,NA,NA,0.0502212717607704,0.0133653674915853,2,NA,8900,NA,NA,3.2585670393298,8.83073100533237,"HEX",0.0158966598130889,NA,NA,0.0251106358803852,0.00668268374579265,1.56479103061661,NA,NA,2.45757835387651,0.672003707356702,9865.96663411458,7126.74136825653,7128.38794959151,NA,NA,NA,NA,0.932151794433594,0.52208149433136,NA,NA,0.0410820873832639,0.0225045518690918,NA,NA,0.0205410436916319,0.0112522759345459,NA,NA,2.0148081590345,1.11477390219871,"No",1,11,740,19211,"Herring","Cod + Herring"
"C10","PC",NA,NA,NA,"HEX",44.5001220703125,NA,"Manual","Droplets Analyzed Manually","DQ","Unknown","Unknown","ddPCR Supermix for Probes (no dUTP)","HEX",890.00244140625,NA,NA,47.7088012695313,41.3001708984375,19963,741,19222,0.0339624015606858,NA,NA,NA,NA,NA,NA,NA,2050,NA,NA,9.16946841437176,9.62712749343081,"",NA,NA,NA,NA,NA,NA,NA,NA,NA,NA,3948.27651973421,1334.59040705032,1431.60695814478,NA,NA,NA,NA,46.1361083984375,42.8664054870605,NA,NA,NA,NA,NA,NA,NA,NA,NA,NA,NA,NA,"No",1,11,740,19211,"Cod","Cod + Herring"
"D01","CH4_rep1",NA,NA,NA,"FAM",84.1128768920898,NA,"Manual","Droplets Analyzed Manually","DQ","Unknown","Unknown","ddPCR Supermix for Probes (no dUTP)","FAM",1682.25756835938,NA,NA,88.6724090576172,79.5709457397461,19029,1313,17716,53.9284096695841,2.79814076423645,NA,NA,3.03192080257613,2.56436062484621,2,NA,8900.001953125,NA,NA,0.937191744736846,4.26434583052735,"HEX",1.39907035685558,NA,NA,1.51596040128806,1.2821803124231,58.317187441277,NA,NA,60.3481015402057,56.2862733423483,10005.5262608292,8211.19732703224,8335.00592916979,NA,NA,NA,NA,86.4369583129883,81.7933731079102,NA,NA,2.91741589711769,2.67886553030465,NA,NA,1.45870794855884,1.33943276515232,NA,NA,59.3533648711373,57.2810100114167,"No",855,458,93,17623,"Herring","Cod + Herring"
"D01","CH4_rep1",NA,NA,NA,"HEX",60.120548248291,NA,"Manual","Droplets Analyzed Manually","DQ","Unknown","Unknown","ddPCR Supermix for Probes (no dUTP)","HEX",1202.41101074219,NA,NA,63.9543495178223,56.299201965332,19029,948,18081,53.9284096695841,NA,NA,NA,NA,NA,NA,NA,2050,NA,NA,6.19914338311824,3.92368372555255,"",NA,NA,NA,NA,NA,NA,NA,NA,NA,NA,4747.32258651025,1697.64936104452,1849.58010978284,NA,NA,NA,NA,62.0750122070313,58.1693344116211,NA,NA,NA,NA,NA,NA,NA,NA,NA,NA,NA,NA,"No",855,458,93,17623,"Cod","Cod + Herring"
"D02","CH4_rep2",NA,NA,NA,"FAM",54.081901550293,NA,"Manual","Droplets Analyzed Manually","DQ","Unknown","Unknown","ddPCR Supermix for Probes (no dUTP)","FAM",1081.63806152344,NA,NA,57.5802421569824,50.5939331054688,20499,921,19578,2.28950295420772,1.0522894859314,NA,NA,1.1365602846696,0.968018717022854,2,NA,8900,NA,NA,2.89170971614199,4.17690830518213,"HEX",0.526144750423113,NA,NA,0.568280142334799,0.484009358511427,34.4754159313684,NA,NA,36.2844868132861,32.6663450494507,10574.3722505683,7700.50423581116,7829.62431199007,NA,NA,NA,NA,55.8654708862305,52.3010330200195,NA,NA,1.09528472236254,1.00929427932991,NA,NA,0.547642361181271,0.504647139664955,NA,NA,35.398409640194,33.5524222225429,"No",112,809,1603,17975,"Herring","Cod + Herring"
"D02","CH4_rep2",NA,NA,NA,"HEX",102.789016723633,NA,"Manual","Droplets Analyzed Manually","DQ","Unknown","Unknown","ddPCR Supermix for Probes (no dUTP)","HEX",2055.7802734375,NA,NA,107.665519714355,97.9326400756836,20499,1715,18784,2.28950295420772,NA,NA,NA,NA,NA,NA,NA,2050,NA,NA,12.8986952602043,6.43170278874216,"",NA,NA,NA,NA,NA,NA,NA,NA,NA,NA,4384.78860980776,1483.49662680683,1726.22630878383,NA,NA,NA,NA,105.274505615234,100.30876159668,NA,NA,NA,NA,NA,NA,NA,NA,NA,NA,NA,NA,"No",112,809,1603,17975,"Cod","Cod + Herring"
"D03","CH4_rep3",NA,NA,NA,"FAM",56.0187721252441,NA,"Manual","Droplets Analyzed Manually","DQ","Unknown","Unknown","ddPCR Supermix for Probes (no dUTP)","FAM",1120.37548828125,NA,NA,59.6095809936523,52.4388961791992,20172,938,19234,1.25919150162784,1.15840137004852,NA,NA,1.25187206053347,1.0649307325696,2,NA,8900,NA,NA,3.01454946040434,4.51446930246155,"HEX",0.579200698275767,NA,NA,0.625936030266736,0.532465366284798,36.6768263785699,NA,NA,38.5508310856034,34.8028216715365,10467.4495237956,7650.20685715034,7781.20892047145,NA,NA,NA,NA,57.8494491577148,54.1909446716309,NA,NA,1.20609036315817,1.1107124299449,NA,NA,0.603045181579083,0.55535621497245,NA,NA,37.6329482684461,35.7207044886937,"No",93,845,1499,17735,"Herring","Cod + Herring"
"D03","CH4_rep3",NA,NA,NA,"HEX",96.7173767089844,NA,"Manual","Droplets Analyzed Manually","DQ","Unknown","Unknown","ddPCR Supermix for Probes (no dUTP)","HEX",1934.34753417969,NA,NA,101.479385375977,91.9745712280273,20172,1592,18580,1.25919150162784,NA,NA,NA,NA,NA,NA,NA,2050,NA,NA,11.4479139130129,6.86386855431758,"",NA,NA,NA,NA,NA,NA,NA,NA,NA,NA,4298.26572698085,1455.51892112182,1679.87212927805,NA,NA,NA,NA,99.1445617675781,94.2951889038086,NA,NA,NA,NA,NA,NA,NA,NA,NA,NA,NA,NA,"No",93,845,1499,17735,"Cod","Cod + Herring"
"D04","CH4_rep4",NA,NA,NA,"FAM",62.3705139160156,NA,"Manual","Droplets Analyzed Manually","DQ","Unknown","Unknown","ddPCR Supermix for Probes (no dUTP)","FAM",1247.41027832031,NA,NA,66.2067642211914,58.5467338562012,19735,1019,18716,0,1.13846969604492,NA,NA,1.22637127850316,1.05056807706114,2,NA,8900,NA,NA,3.07255339173181,4.74821851341114,"HEX",0.569234838891077,NA,NA,0.613185639251582,0.525284038530572,36.274675069879,NA,NA,38.0594806098141,34.4898695299438,10306.7044676536,7535.5776808613,7678.66246402529,NA,NA,NA,NA,64.3262252807617,60.4180488586426,NA,NA,1.18331734127688,1.09362201428743,NA,NA,0.59165867063844,0.546811007143714,NA,NA,37.1852882737567,35.3640618660013,"No",87,932,1668,17048,"Herring","Cod + Herring"
"D04","CH4_rep4",NA,NA,NA,"HEX",109.569038391113,NA,"Manual","Droplets Analyzed Manually","DQ","Unknown","Unknown","ddPCR Supermix for Probes (no dUTP)","HEX",2191.380859375,NA,NA,114.70841217041,104.452011108398,19735,1755,17980,0,NA,NA,NA,NA,NA,NA,NA,2050,NA,NA,11.8204624589341,7.6131176441198,"",NA,NA,NA,NA,NA,NA,NA,NA,NA,NA,4194.94067341079,1404.23938679425,1652.41170795016,NA,NA,NA,NA,112.188362121582,106.955528259277,NA,NA,NA,NA,NA,NA,NA,NA,NA,NA,NA,NA,"No",87,932,1668,17048,"Cod","Cod + Herring"
"D05","CH4_rep5",NA,NA,NA,"FAM",58.3414421081543,NA,"Manual","Droplets Analyzed Manually","DQ","Unknown","Unknown","ddPCR Supermix for Probes (no dUTP)","FAM",1166.82885742188,NA,NA,62.0058746337891,54.6883888244629,20194,977,19217,0.931688229552066,1.10205388069153,NA,NA,1.18844218479373,1.01566564483325,2,NA,8900,NA,NA,2.89882144786709,4.6630471231049,"HEX",0.551026957406744,NA,NA,0.594221092396863,0.507832822416625,35.5265880309417,NA,NA,37.3220908405907,33.7310852212928,10315.7313743443,7531.65378437915,7666.34942691633,NA,NA,NA,NA,60.2096214294434,56.4762229919434,NA,NA,1.1461293876315,1.05797844199547,NA,NA,0.573064693815751,0.528989220997736,NA,NA,36.4426572530648,34.6105188088187,"No",98,879,1640,17577,"Herring","Cod + Herring"
"D05","CH4_rep5",NA,NA,NA,"HEX",105.877655029297,NA,"Manual","Droplets Analyzed Manually","DQ","Unknown","Unknown","ddPCR Supermix for Probes (no dUTP)","HEX",2117.55322265625,NA,NA,110.867683410645,100.908706665039,20194,1738,18456,0.931688229552066,NA,NA,NA,NA,NA,NA,NA,2050,NA,NA,10.8124525737294,7.46630171721235,"",NA,NA,NA,NA,NA,NA,NA,NA,NA,NA,4171.19015337875,1407.67378123746,1645.51628172184,NA,NA,NA,NA,108.420944213867,103.339859008789,NA,NA,NA,NA,NA,NA,NA,NA,NA,NA,NA,NA,"No",98,879,1640,17577,"Cod","Cod + Herring"
"D06","CH4_rep6",NA,NA,NA,"FAM",54.5600090026855,NA,"Manual","Droplets Analyzed Manually","DQ","Unknown","Unknown","ddPCR Supermix for Probes (no dUTP)","FAM",1091.2001953125,NA,NA,58.0460052490234,51.0843124389648,20831,944,19887,0.746410647836555,1.0551221370697,NA,NA,1.13862450586933,0.971619864316762,2,NA,8900,NA,NA,3.08923254378477,4.83517257858964,"HEX",0.527561092546522,NA,NA,0.569312252934664,0.485809932158381,34.5361697886041,NA,NA,36.3254212222221,32.746918354986,10329.2984536381,7560.3473954012,7685.82815959763,NA,NA,NA,NA,56.337287902832,52.7854118347168,NA,NA,1.09772529953628,1.01251907064981,NA,NA,0.548862649768138,0.506259535324907,NA,NA,35.4490508065865,33.6232887706217,"No",91,853,1662,18225,"Herring","Cod + Herring"
"D06","CH4_rep6",NA,NA,NA,"HEX",103.419319152832,NA,"Manual","Droplets Analyzed Manually","DQ","Unknown","Unknown","ddPCR Supermix for Probes (no dUTP)","HEX",2068.38647460938,NA,NA,108.272232055664,98.5863418579102,20831,1753,19078,0.746410647836555,NA,NA,NA,NA,NA,NA,NA,2050,NA,NA,13.0125539660145,7.31764011126648,"",NA,NA,NA,NA,NA,NA,NA,NA,NA,NA,4198.43671159151,1427.90104085193,1661.05110713806,NA,NA,NA,NA,105.892799377441,100.951034545898,NA,NA,NA,NA,NA,NA,NA,NA,NA,NA,NA,NA,"No",91,853,1662,18225,"Cod","Cod + Herring"
"D07","CH4_rep7",NA,NA,NA,"FAM",50.7625045776367,NA,"Manual","Droplets Analyzed Manually","DQ","Unknown","Unknown","ddPCR Supermix for Probes (no dUTP)","FAM",1015.25012207031,NA,NA,54.0298500061035,47.5042190551758,22022,930,21092,0.450214296825355,1.04719865322113,NA,NA,1.13056753762665,0.963829722282951,2,NA,8900,NA,NA,3.23291067919044,5.38701120055877,"HEX",0.523599314977401,NA,NA,0.565283768813327,0.481914861141476,34.3659458120173,NA,NA,36.1616408316782,32.5702507923565,10211.5298429099,7438.15264220069,7555.27373913374,NA,NA,NA,NA,52.4283866882324,49.0989875793457,NA,NA,1.0897337038317,1.0046635560779,NA,NA,0.54486685191585,0.502331778038952,NA,NA,35.2821149505443,33.4497766734904,"No",81,849,1661,19431,"Herring","Cod + Herring"
"D07","CH4_rep7",NA,NA,NA,"HEX",96.9491424560547,NA,"Manual","Droplets Analyzed Manually","DQ","Unknown","Unknown","ddPCR Supermix for Probes (no dUTP)","HEX",1938.98291015625,NA,NA,101.512046813965,92.4038772583008,22022,1742,20280,0.450214296825355,NA,NA,NA,NA,NA,NA,NA,2050,NA,NA,12.0608278288902,7.96039902894973,"",NA,NA,NA,NA,NA,NA,NA,NA,NA,NA,4113.27253900083,1389.26246942223,1604.73906288358,NA,NA,NA,NA,99.2749481201172,94.6279373168945,NA,NA,NA,NA,NA,NA,NA,NA,NA,NA,NA,NA,"No",81,849,1661,19431,"Cod","Cod + Herring"
"D08","CH4_rep8",NA,NA,NA,"FAM",48.0796203613281,NA,"Manual","Droplets Analyzed Manually","DQ","Unknown","Unknown","ddPCR Supermix for Probes (no dUTP)","FAM",961.592407226563,NA,NA,51.4874572753906,44.6816329956055,19154,767,18387,0.98737179928764,1.02577364444733,NA,NA,1.11537150072493,0.936175894510724,2,NA,8900,NA,NA,2.89566480257945,5.94871371849972,"HEX",0.512886848808913,NA,NA,0.557685750362465,0.468087947255362,33.9012034649324,NA,NA,35.858490277964,31.9439166519007,10042.3614834583,7322.99910305175,7431.89285609403,NA,NA,NA,NA,49.817081451416,46.3447227478027,NA,NA,1.07148677221834,0.980060623017311,NA,NA,0.535743386109171,0.490030311508656,NA,NA,34.8998172143317,32.9025897155331,"No",73,694,1394,16993,"Herring","Cod + Herring"
"D08","CH4_rep8",NA,NA,NA,"HEX",93.7431335449219,NA,"Manual","Droplets Analyzed Manually","DQ","Unknown","Unknown","ddPCR Supermix for Probes (no dUTP)","HEX",1874.86267089844,NA,NA,98.5513381958008,88.9545059204102,19154,1467,17687,0.98737179928764,NA,NA,NA,NA,NA,NA,NA,2050,NA,NA,12.8742959160502,8.32889377167042,"",NA,NA,NA,NA,NA,NA,NA,NA,NA,NA,4046.34732773358,1362.98950405814,1568.50719891728,NA,NA,NA,NA,96.1938400268555,91.2975234985352,NA,NA,NA,NA,NA,NA,NA,NA,NA,NA,NA,NA,"No",73,694,1394,16993,"Cod","Cod + Herring"
"D09","CH9_rep4",NA,NA,NA,"FAM",0,NA,"Manual","Droplets Analyzed Manually","DQ","Unknown","Unknown","ddPCR Supermix for Probes (no dUTP)","FAM",0,NA,NA,0.16303363442421,0,21621,0,21621,0,NA,NA,NA,NA,NA,NA,NA,8900,NA,NA,NA,15.174698217056,"HEX",NA,NA,NA,NA,NA,NA,NA,NA,NA,NA,NA,6998.35385419919,6998.35385419919,NA,NA,NA,NA,0.0744942054152489,0,NA,NA,NA,NA,NA,NA,NA,NA,NA,NA,NA,NA,"No",0,0,0,21621,"Herring","Cod + Herring"
"D09","CH9_rep4",NA,NA,NA,"HEX",0,NA,"Manual","Droplets Analyzed Manually","DQ","Unknown","Unknown","ddPCR Supermix for Probes (no dUTP)","HEX",0,NA,NA,0.16303363442421,0,21621,0,21621,0,NA,NA,NA,NA,NA,NA,NA,2050,NA,NA,NA,9.76078568729095,"",NA,NA,NA,NA,NA,NA,NA,NA,NA,NA,NA,1322.4533841644,1322.4533841644,NA,NA,NA,NA,0.0744942054152489,0,NA,NA,NA,NA,NA,NA,NA,NA,NA,NA,NA,NA,"No",0,0,0,21621,"Cod","Cod + Herring"
"D10","PC",NA,NA,NA,"FAM",0.424641966819763,NA,"Manual","Droplets Analyzed Manually","DQ","Unknown","Unknown","ddPCR Supermix for Probes (no dUTP)","FAM",8.49283981323242,NA,NA,0.827101349830627,0.180393442511559,19397,7,19390,0.0488728199223777,0.0226297881454229,NA,NA,0.0399552785522341,0.00530429834885228,2,NA,8900,NA,NA,2.46761839886238,6.815922288903,"HEX",0.0113148942252716,NA,NA,0.019977639276117,0.00265214917442614,1.11882997965134,NA,NA,1.9658286455533,0.271831313749385,10257.0203683036,7528.49697270661,7529.48164372632,NA,NA,NA,NA,0.607406497001648,0.282855182886124,NA,NA,0.0313261812625533,0.013933395638533,NA,NA,0.0156630906312767,0.00696669781926649,NA,NA,1.54397426513468,0.693685694168005,"No",1,6,608,18782,"Herring","Cod + Herring"
"D10","PC",NA,NA,NA,"HEX",37.529468536377,NA,"Manual","Droplets Analyzed Manually","DQ","Unknown","Unknown","ddPCR Supermix for Probes (no dUTP)","HEX",750.58935546875,NA,NA,40.514087677002,34.5523986816406,19397,609,18788,0.0488728199223777,NA,NA,NA,NA,NA,NA,NA,2050,NA,NA,12.5819038995352,7.64927133129477,"",NA,NA,NA,NA,NA,NA,NA,NA,NA,NA,4195.57242036766,1453.88877032781,1539.96833638825,NA,NA,NA,NA,39.0512847900391,36.0096130371094,NA,NA,NA,NA,NA,NA,NA,NA,NA,NA,NA,NA,"No",1,6,608,18782,"Cod","Cod + Herring"
"E01","CH5_rep1",NA,NA,NA,"FAM",4.88307476043701,NA,"Manual","Droplets Analyzed Manually","DQ","Unknown","Unknown","ddPCR Supermix for Probes (no dUTP)","FAM",97.6614990234375,NA,NA,6.00713062286377,3.9093770980835,20280,84,20196,0.0739661675181745,0.936339795589447,NA,NA,1.17978813365116,0.692891486727327,2,NA,8900.001953125,NA,NA,4.65139292179925,8.61600562853393,"HEX",0.468169905094622,NA,NA,0.58989406682558,0.346445743363664,31.8879922187513,NA,NA,37.535075040852,26.2409093966507,10386.8394135975,7458.05344515835,7470.18451129981,NA,NA,NA,NA,5.43409967422485,4.37079620361328,NA,NA,1.05999589564398,0.812683724734505,NA,NA,0.529997947821991,0.406341862367253,NA,NA,34.7563469730157,29.019637464487,"No",2,82,177,20019,"Herring","Cod + Herring"
"E01","CH5_rep1",NA,NA,NA,"HEX",10.4301338195801,NA,"Manual","Droplets Analyzed Manually","DQ","Unknown","Unknown","ddPCR Supermix for Probes (no dUTP)","HEX",208.602676391602,NA,NA,11.9591178894043,8.90313339233398,20280,179,20101,0.0739661675181745,NA,NA,NA,NA,NA,NA,NA,2050,NA,NA,17.0451862432122,7.49222881311022,"",NA,NA,NA,NA,NA,NA,NA,NA,NA,NA,4304.98883499913,1433.11941112178,1458.46776550413,NA,NA,NA,NA,11.209979057312,9.65080451965332,NA,NA,NA,NA,NA,NA,NA,NA,NA,NA,NA,NA,"No",2,82,177,20019,"Cod","Cod + Herring"
"E02","CH5_rep2",NA,NA,NA,"FAM",5.31538820266724,NA,"Manual","Droplets Analyzed Manually","DQ","Unknown","Unknown","ddPCR Supermix for Probes (no dUTP)","FAM",106.307762145996,NA,NA,6.49487638473511,4.28877019882202,19965,90,19875,0.0136813497260596,1.05048668384552,NA,NA,1.3194000410803,0.781573436600387,2,NA,8900,NA,NA,5.16174190168626,7.77690401207463,"HEX",0.525243369420173,NA,NA,0.659700020540152,0.390786718300194,34.4366925272946,NA,NA,40.2163752558815,28.6570097987077,10587.545952691,7625.8728012726,7639.22369451716,NA,NA,NA,NA,5.89426565170288,4.77590417861938,NA,NA,1.18711105130616,0.913862426374535,NA,NA,0.593555525653079,0.456931213187267,NA,NA,37.3731228655718,31.5002621890174,"No",1,89,170,19705,"Herring","Cod + Herring"
"E02","CH5_rep2",NA,NA,NA,"HEX",10.1198577880859,NA,"Manual","Droplets Analyzed Manually","DQ","Unknown","Unknown","ddPCR Supermix for Probes (no dUTP)","HEX",202.397155761719,NA,NA,11.6376552581787,8.60401630401611,19965,171,19794,0.0136813497260596,NA,NA,NA,NA,NA,NA,NA,2050,NA,NA,10.5340469317522,6.99742651186373,"",NA,NA,NA,NA,NA,NA,NA,NA,NA,NA,4343.89502809759,1467.39878858937,1492.03594646344,NA,NA,NA,NA,10.8940000534058,9.34622478485107,NA,NA,NA,NA,NA,NA,NA,NA,NA,NA,NA,NA,"No",1,89,170,19705,"Cod","Cod + Herring"
"E03","CH5_rep3",NA,NA,NA,"FAM",6.53966474533081,NA,"Manual","Droplets Analyzed Manually","DQ","Unknown","Unknown","ddPCR Supermix for Probes (no dUTP)","FAM",130.79328918457,NA,NA,7.77370119094849,5.30692148208618,19483,108,19375,0,1.08287847042084,NA,NA,1.33654769717903,0.829209245529444,2,NA,8900,NA,NA,4.24599333133631,7.79876531701639,"HEX",0.541439235677118,NA,NA,0.668273848589514,0.414604622764722,35.1255646765263,NA,NA,40.4636433381535,29.787486014899,10242.8031141493,7440.83236572581,7456.36451379488,NA,NA,NA,NA,7.16911363601685,5.91055250167847,NA,NA,1.21230152066793,0.953455422040544,NA,NA,0.606150760333964,0.476727711020272,NA,NA,37.8490736698534,32.4020556831991,"No",0,108,199,19176,"Herring","Cod + Herring"
"E03","CH5_rep3",NA,NA,NA,"HEX",12.0782985687256,NA,"Manual","Droplets Analyzed Manually","DQ","Unknown","Unknown","ddPCR Supermix for Probes (no dUTP)","HEX",241.565979003906,NA,NA,13.7576713562012,10.4013195037842,19483,199,19284,0,NA,NA,NA,NA,NA,NA,NA,2050,NA,NA,11.5012417070876,7.5162584158292,"",NA,NA,NA,NA,NA,NA,NA,NA,NA,NA,4188.00840628926,1405.9519512095,1434.36796694429,NA,NA,NA,NA,12.9348220825195,11.2223987579346,NA,NA,NA,NA,NA,NA,NA,NA,NA,NA,NA,NA,"No",0,108,199,19176,"Cod","Cod + Herring"
"E04","CH5_rep4",NA,NA,NA,"FAM",5.25664329528809,NA,"Manual","Droplets Analyzed Manually","DQ","Unknown","Unknown","ddPCR Supermix for Probes (no dUTP)","FAM",105.132865905762,NA,NA,6.43717765808105,4.23070955276489,19739,88,19651,0.00709249949397137,0.886400580406189,NA,NA,1.10967751801023,0.663123699538479,2,NA,8900,NA,NA,4.14920917253964,8.31101942014919,"HEX",0.443200304387176,NA,NA,0.554838759005113,0.331561849769239,30.7095489822095,NA,NA,36.0694971805926,25.3496007838264,10410.5499822443,7540.37777376847,7553.17351592085,NA,NA,NA,NA,5.83583116531372,4.71729421615601,NA,NA,0.99981126094502,0.772989956603686,NA,NA,0.49990563047251,0.386494978301843,NA,NA,33.4320661599148,27.9870318045042,"No",1,87,197,19454,"Herring","Cod + Herring"
"E04","CH5_rep4",NA,NA,NA,"HEX",11.8606491088867,NA,"Manual","Droplets Analyzed Manually","DQ","Unknown","Unknown","ddPCR Supermix for Probes (no dUTP)","HEX",237.212982177734,NA,NA,13.5138998031616,10.2097177505493,19739,198,19541,0.00709249949397137,NA,NA,NA,NA,NA,NA,NA,2050,NA,NA,14.3565185894667,7.59250804095039,"",NA,NA,NA,NA,NA,NA,NA,NA,NA,NA,4249.78649285827,1425.23991972582,1453.5726732331,NA,NA,NA,NA,12.7038545608521,11.0180473327637,NA,NA,NA,NA,NA,NA,NA,NA,NA,NA,NA,NA,"No",1,87,197,19454,"Cod","Cod + Herring"
"E05","CH5_rep5",NA,NA,NA,"FAM",5.69692373275757,NA,"Manual","Droplets Analyzed Manually","DQ","Unknown","Unknown","ddPCR Supermix for Probes (no dUTP)","FAM",113.9384765625,NA,NA,6.90513229370117,4.63928079605103,20287,98,20189,0.018711607491387,1.38859117031097,NA,NA,1.7474642173651,1.02971815934707,2,NA,8900,NA,NA,5.72551318133805,10.103418535941,"HEX",0.694295594178043,NA,NA,0.873732108682552,0.514859079673534,40.9784217443396,NA,NA,47.2291765235779,34.7276669651013,10165.5425003986,7358.37125659103,7371.93180186107,NA,NA,NA,NA,6.29069900512695,5.1419472694397,NA,NA,1.57100644071854,1.20617593599363,NA,NA,0.78550322035927,0.603087967996816,NA,NA,44.1556819961316,37.8011614925475,"No",1,97,140,20049,"Herring","Cod + Herring"
"E05","CH5_rep5",NA,NA,NA,"HEX",8.20532894134521,NA,"Manual","Droplets Analyzed Manually","DQ","Unknown","Unknown","ddPCR Supermix for Probes (no dUTP)","HEX",164.106582641602,NA,NA,9.56049728393555,6.85171890258789,20287,141,20146,0.018711607491387,NA,NA,NA,NA,NA,NA,NA,2050,NA,NA,16.6952693621491,8.37355263896524,"",NA,NA,NA,NA,NA,NA,NA,NA,NA,NA,4127.94376281305,1372.89837111753,1392.04666313848,NA,NA,NA,NA,8.89654636383057,7.51451683044434,NA,NA,NA,NA,NA,NA,NA,NA,NA,NA,NA,NA,"No",1,97,140,20049,"Cod","Cod + Herring"
"E06","CH5_rep6",NA,NA,NA,"FAM",4.99661207199097,NA,"Manual","Droplets Analyzed Manually","DQ","Unknown","Unknown","ddPCR Supermix for Probes (no dUTP)","FAM",99.932243347168,NA,NA,6.1254506111145,4.01634979248047,20528,87,20441,0.0744970042509155,1.02752089500427,NA,NA,1.2940331747372,0.761008614351385,2,NA,8900,NA,NA,5.1817553630454,7.80162487109793,"HEX",0.513760447272146,NA,NA,0.647016587368599,0.380504307175693,33.9393493995673,NA,NA,39.7546600896685,28.1240387094661,10337.4996969289,7488.48575578418,7500.56020107254,NA,NA,NA,NA,5.55035877227783,4.48115205764771,NA,NA,1.16292280296289,0.892118986125689,NA,NA,0.581461401481447,0.446059493062845,NA,NA,36.8938255119508,30.9848732871838,"No",2,85,167,20274,"Herring","Cod + Herring"
"E06","CH5_rep6",NA,NA,NA,"HEX",9.72556781768799,NA,"Manual","Droplets Analyzed Manually","DQ","Unknown","Unknown","ddPCR Supermix for Probes (no dUTP)","HEX",194.511352539063,NA,NA,11.1928033828735,8.26016139984131,20528,169,20359,0.0744970042509155,NA,NA,NA,NA,NA,NA,NA,2050,NA,NA,14.9434214469443,7.76014633922855,"",NA,NA,NA,NA,NA,NA,NA,NA,NA,NA,4185.47742060374,1419.12885518901,1441.90325637544,NA,NA,NA,NA,10.4739294052124,8.97768306732178,NA,NA,NA,NA,NA,NA,NA,NA,NA,NA,NA,NA,"No",2,85,167,20274,"Cod","Cod + Herring"
"E07","CH5_rep7",NA,NA,NA,"FAM",5.55297136306763,NA,"Manual","Droplets Analyzed Manually","DQ","Unknown","Unknown","ddPCR Supermix for Probes (no dUTP)","FAM",111.059425354004,NA,NA,6.72423362731934,4.52695178985596,21024,99,20925,0.0107743575721721,1.1491551399231,NA,NA,1.43408674651299,0.864223420686183,2,NA,8900,NA,NA,5.27207730264064,10.2725178904227,"HEX",0.574577541799792,NA,NA,0.717043373256493,0.432111710343091,36.4909016257803,NA,NA,42.2371264160861,30.7446768354746,9964.81237176452,7236.66847957269,7249.51504755818,NA,NA,NA,NA,6.12866973876953,5.01470136642456,NA,NA,1.29394337407617,1.004366793123,NA,NA,0.646971687038087,0.502183396561498,NA,NA,39.410851116741,33.5709521348197,"No",1,98,171,20754,"Herring","Cod + Herring"
"E07","CH5_rep7",NA,NA,NA,"HEX",9.66444206237793,NA,"Manual","Droplets Analyzed Manually","DQ","Unknown","Unknown","ddPCR Supermix for Probes (no dUTP)","HEX",193.288848876953,NA,NA,11.1096706390381,8.22098636627197,21024,172,20852,0.0107743575721721,NA,NA,NA,NA,NA,NA,NA,2050,NA,NA,16.737583404596,8.89193538104081,"",NA,NA,NA,NA,NA,NA,NA,NA,NA,NA,4017.9143690952,1341.92493471943,1363.81754234465,NA,NA,NA,NA,10.4015817642212,8.92776298522949,NA,NA,NA,NA,NA,NA,NA,NA,NA,NA,NA,NA,"No",1,98,171,20754,"Cod","Cod + Herring"
"E08","CH5_rep8",NA,NA,NA,"FAM",5.98129844665527,NA,"Manual","Droplets Analyzed Manually","DQ","Unknown","Unknown","ddPCR Supermix for Probes (no dUTP)","FAM",119.625968933105,NA,NA,7.2431845664978,4.87597322463989,19522,99,19423,0,1.22024071216583,NA,NA,1.52620724806112,0.914274062313412,2,NA,8900,NA,NA,4.46089986534054,10.9822833192702,"HEX",0.610120327593632,NA,NA,0.763103624030558,0.457137031156706,37.892840500031,NA,NA,43.7938640631825,31.9918169368795,9871.31806344697,7214.21290422538,7227.68762048206,NA,NA,NA,NA,6.60152721405029,5.4014139175415,NA,NA,1.37573115493589,1.06475015543864,NA,NA,0.687865577467943,0.532375077719321,NA,NA,40.8917074490156,34.8939735510464,"No",0,99,162,19261,"Herring","Cod + Herring"
"E08","CH5_rep8",NA,NA,NA,"HEX",9.80347347259521,NA,"Manual","Droplets Analyzed Manually","DQ","Unknown","Unknown","ddPCR Supermix for Probes (no dUTP)","HEX",196.069473266602,NA,NA,11.3141050338745,8.29477977752686,19522,162,19360,0,NA,NA,NA,NA,NA,NA,NA,2050,NA,NA,15.2846146452717,9.17606309840495,"",NA,NA,NA,NA,NA,NA,NA,NA,NA,NA,3993.66748197579,1328.05399461857,1350.17413522669,NA,NA,NA,NA,10.5739622116089,9.03349018096924,NA,NA,NA,NA,NA,NA,NA,NA,NA,NA,NA,NA,"No",0,99,162,19261,"Cod","Cod + Herring"
"E09","CH9_rep5",NA,NA,NA,"FAM",0,NA,"Manual","Droplets Analyzed Manually","DQ","Unknown","Unknown","ddPCR Supermix for Probes (no dUTP)","FAM",0,NA,NA,0.16681444644928,0,21131,0,21131,0,NA,NA,NA,NA,NA,NA,NA,8900,NA,NA,NA,13.9288425980443,"HEX",NA,NA,NA,NA,NA,NA,NA,NA,NA,NA,NA,7108.46544382457,7108.46544382457,NA,NA,NA,NA,0.0762216821312904,0,NA,NA,NA,NA,NA,NA,NA,NA,NA,NA,NA,NA,"No",0,0,0,21131,"Herring","Cod + Herring"
"E09","CH9_rep5",NA,NA,NA,"HEX",0,NA,"Manual","Droplets Analyzed Manually","DQ","Unknown","Unknown","ddPCR Supermix for Probes (no dUTP)","HEX",0,NA,NA,0.16681444644928,0,21131,0,21131,0,NA,NA,NA,NA,NA,NA,NA,2050,NA,NA,NA,9.11171816821916,"",NA,NA,NA,NA,NA,NA,NA,NA,NA,NA,NA,1356.84033978376,1356.84033978376,NA,NA,NA,NA,0.0762216821312904,0,NA,NA,NA,NA,NA,NA,NA,NA,NA,NA,NA,NA,"No",0,0,0,21131,"Cod","Cod + Herring"
"F01","CH6_rep1",NA,NA,NA,"FAM",0.525444686412811,NA,"Manual","Droplets Analyzed Manually","DQ","Unknown","Unknown","ddPCR Supermix for Probes (no dUTP)","FAM",10.5088939666748,NA,NA,0.984021186828613,0.237865999341011,17916,8,17908,0,1.33318448066711,NA,NA,2.55137567547758,0.114993266031597,2,NA,8900.001953125,NA,NA,12.9222440046025,8.39216467759625,"HEX",0.666592235377295,NA,NA,1.27568783773879,0.0574966330157985,39.9973203539129,NA,NA,61.92672067544,18.0679200323859,10670.6837158203,7648.42007783707,7649.76960390895,NA,NA,NA,NA,0.734965443611145,0.360167026519775,NA,NA,1.9458880062093,0.720480935299881,NA,NA,0.97294400310465,0.36024046764994,NA,NA,51.0269691112741,28.9676715965518,"No",0,8,12,17896,"Herring","Cod + Herring"
"F01","CH6_rep1",NA,NA,NA,"HEX",0.788255035877228,NA,"Manual","Droplets Analyzed Manually","DQ","Unknown","Unknown","ddPCR Supermix for Probes (no dUTP)","HEX",15.765100479126,NA,NA,1.32673978805542,0.420008510351181,17916,12,17904,0,NA,NA,NA,NA,NA,NA,NA,2050,NA,NA,3.80060627497735,6.75238067218736,"",NA,NA,NA,NA,NA,NA,NA,NA,NA,NA,4253.95178222656,1479.79394688747,1481.65205662313,NA,NA,NA,NA,1.03870224952698,0.581746876239777,NA,NA,NA,NA,NA,NA,NA,NA,NA,NA,NA,NA,"No",0,8,12,17896,"Cod","Cod + Herring"
"F02","CH6_rep2",NA,NA,NA,"FAM",0.427663087844849,NA,"Manual","Droplets Analyzed Manually","DQ","Unknown","Unknown","ddPCR Supermix for Probes (no dUTP)","FAM",8.55326175689697,NA,NA,0.832986772060394,0.181676715612411,19260,7,19253,0,0.583075761795044,NA,NA,1.08558122338691,0.0805703588500627,2,NA,8900,NA,NA,5.82559789876209,10.0837141854701,"HEX",0.291537895559244,NA,NA,0.542790611693456,0.0402851794250313,22.5729261651286,NA,NA,37.6354052996739,7.5104470305833,10309.4468470982,7446.37884634659,7447.41942142475,NA,NA,NA,NA,0.611728250980377,0.284867435693741,NA,NA,0.835682307425847,0.330469274811127,NA,NA,0.417841153712924,0.165234637405563,NA,NA,30.1447455660725,15.0011067641846,"No",0,7,24,19229,"Herring","Cod + Herring"
"F02","CH6_rep2",NA,NA,NA,"HEX",1.46692109107971,NA,"Manual","Droplets Analyzed Manually","DQ","Unknown","Unknown","ddPCR Supermix for Probes (no dUTP)","HEX",29.3384208679199,NA,NA,2.13785219192505,0.953779697418213,19260,24,19236,0,NA,NA,NA,NA,NA,NA,NA,2050,NA,NA,23.8891255970806,7.99746972324141,"",NA,NA,NA,NA,NA,NA,NA,NA,NA,NA,4241.04703776042,1399.96285683292,1403.50314864716,NA,NA,NA,NA,1.78664708137512,1.18788194656372,NA,NA,NA,NA,NA,NA,NA,NA,NA,NA,NA,NA,"No",0,7,24,19229,"Cod","Cod + Herring"
"F03","CH6_rep3",NA,NA,NA,"FAM",0.605086982250214,NA,"Manual","Droplets Analyzed Manually","DQ","Unknown","Unknown","ddPCR Supermix for Probes (no dUTP)","FAM",12.1017398834229,NA,NA,1.06600904464722,0.301233917474747,19448,10,19438,0,1.11088252067566,NA,NA,1.98390386315162,0.237861069569559,2,NA,8900,NA,NA,8.78223820921912,10.6924801008276,"HEX",0.555441233180294,NA,NA,0.991951931575809,0.118930534784779,35.7095608198983,NA,NA,53.7516854003823,17.6674362394143,10267.544921875,7353.37439106771,7354.87283333983,NA,NA,NA,NA,0.817848980426788,0.432908087968826,NA,NA,1.5508768016091,0.67088813111208,NA,NA,0.775438400804548,0.33544406555604,NA,NA,44.8026170043632,26.6165046354335,"No",0,10,18,19420,"Herring","Cod + Herring"
"F03","CH6_rep3",NA,NA,NA,"HEX",1.08938074111938,NA,"Manual","Droplets Analyzed Manually","DQ","Unknown","Unknown","ddPCR Supermix for Probes (no dUTP)","HEX",21.7876148223877,NA,NA,1.67649102210999,0.658652186393738,19448,18,19430,0,NA,NA,NA,NA,NA,NA,NA,2050,NA,NA,16.8158366221659,8.33895394961334,"",NA,NA,NA,NA,NA,NA,NA,NA,NA,NA,4135.70715332031,1381.04121426726,1383.5907816728,NA,NA,NA,NA,1.36666810512543,0.852475643157959,NA,NA,NA,NA,NA,NA,NA,NA,NA,NA,NA,NA,"No",0,10,18,19420,"Cod","Cod + Herring"
"F04","CH6_rep4",NA,NA,NA,"FAM",0.312334567308426,NA,"Manual","Droplets Analyzed Manually","DQ","Unknown","Unknown","ddPCR Supermix for Probes (no dUTP)","FAM",6.24669122695923,NA,NA,0.678808689117432,0.109807379543781,18836,5,18831,0.062168044218627,0.434574812650681,NA,NA,0.869104596763767,4.50460087555449e-05,2,NA,8900,NA,NA,3.9662865183301,11.3370334342536,"HEX",0.217287410693131,NA,NA,0.434552298381883,2.25230043777724e-05,17.8501320874916,NA,NA,32.5124720319211,3.18779214306217,10296.878515625,7294.47270632016,7295.26969236,NA,NA,NA,NA,0.475718528032303,0.19151371717453,NA,NA,0.652069844742658,0.217079798029864,NA,NA,0.326034922371329,0.108539899014932,NA,NA,25.189067528458,10.5111966465253,"No",1,4,22,18809,"Herring","Cod + Herring"
"F04","CH6_rep4",NA,NA,NA,"HEX",1.43742597103119,NA,"Manual","Droplets Analyzed Manually","DQ","Unknown","Unknown","ddPCR Supermix for Probes (no dUTP)","HEX",28.7485198974609,NA,NA,2.11093282699585,0.925313472747803,18836,23,18813,0.062168044218627,NA,NA,NA,NA,NA,NA,NA,2050,NA,NA,4.51593066291633,8.62997645874036,"",NA,NA,NA,NA,NA,NA,NA,NA,NA,NA,4083.34509808084,1358.39416321901,1361.72150827644,NA,NA,NA,NA,1.75796151161194,1.15849053859711,NA,NA,NA,NA,NA,NA,NA,NA,NA,NA,NA,NA,"No",1,4,22,18809,"Cod","Cod + Herring"
"F05","CH6_rep5",NA,NA,NA,"FAM",0.768297731876373,NA,"Manual","Droplets Analyzed Manually","DQ","Unknown","Unknown","ddPCR Supermix for Probes (no dUTP)","FAM",15.3659543991089,NA,NA,1.26884758472443,0.420787692070007,19913,13,19900,0,1.18155097961426,NA,NA,2.00226935718725,0.360832483507802,2,NA,8900,NA,NA,4.03294496636337,6.92827039894423,"HEX",0.590775460173762,NA,NA,1.00113467859362,0.180416241753901,37.1375769217128,NA,NA,53.3536774640023,20.9214763794233,10224.8516376202,7396.47526006497,7398.32173688455,NA,NA,NA,NA,1.00190055370331,0.574225604534149,NA,NA,1.59581052152277,0.76729131917228,NA,NA,0.797905260761384,0.38364565958614,NA,NA,45.3226925980875,28.9524612453382,"No",0,13,22,19878,"Herring","Cod + Herring"
"F05","CH6_rep5",NA,NA,NA,"HEX",1.30049026012421,NA,"Manual","Droplets Analyzed Manually","DQ","Unknown","Unknown","ddPCR Supermix for Probes (no dUTP)","HEX",26.0098056793213,NA,NA,1.92529559135437,0.828305125236511,19913,22,19891,0,NA,NA,NA,NA,NA,NA,NA,2050,NA,NA,12.2561586799754,7.81579306977628,"",NA,NA,NA,NA,NA,NA,NA,NA,NA,NA,4139.33184259588,1395.79812999647,1398.82920224461,NA,NA,NA,NA,1.59743988513947,1.04287886619568,NA,NA,NA,NA,NA,NA,NA,NA,NA,NA,NA,NA,"No",0,13,22,19878,"Cod","Cod + Herring"
"F06","CH6_rep6",NA,NA,NA,"FAM",0.645751178264618,NA,"Manual","Droplets Analyzed Manually","DQ","Unknown","Unknown","ddPCR Supermix for Probes (no dUTP)","FAM",12.9150238037109,NA,NA,1.11038291454315,0.333398163318634,20046,11,20035,0,1.29392385482788,NA,NA,2.29060417170329,0.297243457606453,2,NA,8900,NA,NA,3.3716037774287,11.5597975202993,"HEX",0.646961907327435,NA,NA,1.14530208585164,0.148621728803226,39.2821415267142,NA,NA,57.6542412677978,20.9100417856307,9984.84534801136,7302.41276742751,7303.88471985624,NA,NA,NA,NA,0.8610999584198,0.469719499349594,NA,NA,1.79647654508662,0.791371084223119,NA,NA,0.898238272543311,0.395685542111559,NA,NA,48.5458425953182,30.0184404581103,"No",0,11,17,20018,"Herring","Cod + Herring"
"F06","CH6_rep6",NA,NA,NA,"HEX",0.998128592967987,NA,"Manual","Droplets Analyzed Manually","DQ","Unknown","Unknown","ddPCR Supermix for Probes (no dUTP)","HEX",19.9625720977783,NA,NA,1.55415976047516,0.593901872634888,20046,17,20029,0,NA,NA,NA,NA,NA,NA,NA,2050,NA,NA,10.7077900814669,8.65479626082985,"",NA,NA,NA,NA,NA,NA,NA,NA,NA,NA,4071.14071116728,1359.64497496087,1361.94445752674,NA,NA,NA,NA,1.26018953323364,0.775237619876862,NA,NA,NA,NA,NA,NA,NA,NA,NA,NA,NA,NA,"No",0,11,17,20018,"Cod","Cod + Herring"
"F07","CH6_rep7",NA,NA,NA,"FAM",0.420522063970566,NA,"Manual","Droplets Analyzed Manually","DQ","Unknown","Unknown","ddPCR Supermix for Probes (no dUTP)","FAM",8.41044139862061,NA,NA,0.819075405597687,0.178643435239792,19587,7,19580,0,0.608446896076202,NA,NA,1.13534714721249,0.0815466625520125,2,NA,8900,NA,NA,5.41102408449475,12.685626642733,"HEX",0.304223452441126,NA,NA,0.567673573606246,0.0407733312760062,23.3260222296807,NA,NA,38.8139884182922,7.83805604106919,9874.83803013393,7175.55515091831,7176.51982034979,NA,NA,NA,NA,0.601512968540192,0.280111074447632,NA,NA,0.873324236276909,0.343569573487595,NA,NA,0.436662118138455,0.171784786743797,NA,NA,31.1119574469943,15.5400870123671,"No",0,7,23,19557,"Herring","Cod + Herring"
"F07","CH6_rep7",NA,NA,NA,"HEX",1.38228023052216,NA,"Manual","Droplets Analyzed Manually","DQ","Unknown","Unknown","ddPCR Supermix for Probes (no dUTP)","HEX",27.6456050872803,NA,NA,2.02992606163025,0.889821946620941,19587,23,19564,0,NA,NA,NA,NA,NA,NA,NA,2050,NA,NA,18.1553063280607,9.36768316693009,"",NA,NA,NA,NA,NA,NA,NA,NA,NA,NA,3986.09207286005,1314.29806392516,1317.43541330003,NA,NA,NA,NA,1.69050979614258,1.11405098438263,NA,NA,NA,NA,NA,NA,NA,NA,NA,NA,NA,NA,"No",0,7,23,19557,"Cod","Cod + Herring"
"F08","CH6_rep8",NA,NA,NA,"FAM",0.622602999210358,NA,"Manual","Droplets Analyzed Manually","DQ","Unknown","Unknown","ddPCR Supermix for Probes (no dUTP)","FAM",12.4520597457886,NA,NA,1.09687399864197,0.309952855110168,18901,10,18891,0,1.11087584495544,NA,NA,1.98390217195852,0.237849632070434,2,NA,8900,NA,NA,5.06854957999032,11.8224282781906,"HEX",0.555437951007239,NA,NA,0.991951085979261,0.118924816035217,35.7094251588474,NA,NA,53.7517265922746,17.6671237254202,9942.51572265625,7253.74324908718,7255.16580475808,NA,NA,NA,NA,0.841526210308075,0.445438921451569,NA,NA,1.55087211230771,0.670879691721246,NA,NA,0.775436056153855,0.335439845860623,NA,NA,44.8025584687819,26.6162918489128,"No",0,10,18,18873,"Herring","Cod + Herring"
"F08","CH6_rep8",NA,NA,NA,"HEX",1.12092268466949,NA,"Manual","Droplets Analyzed Manually","DQ","Unknown","Unknown","ddPCR Supermix for Probes (no dUTP)","HEX",22.4184532165527,NA,NA,1.72504472732544,0.677719235420227,18901,18,18883,0,NA,NA,NA,NA,NA,NA,NA,2050,NA,NA,10.4662742301811,9.16629056975446,"",NA,NA,NA,NA,NA,NA,NA,NA,NA,NA,3945.26143391927,1329.6791557672,1332.1700547147,NA,NA,NA,NA,1.40624356269836,0.877155661582947,NA,NA,NA,NA,NA,NA,NA,NA,NA,NA,NA,NA,"No",0,10,18,18873,"Cod","Cod + Herring"
"F09","CH9_rep6",NA,NA,NA,"FAM",0,NA,"Manual","Droplets Analyzed Manually","DQ","Unknown","Unknown","ddPCR Supermix for Probes (no dUTP)","FAM",0,NA,NA,0.166877612471581,0,21123,0,21123,0,NA,NA,NA,NA,NA,NA,NA,8900,NA,NA,NA,14.3153353977461,"HEX",NA,NA,NA,NA,NA,NA,NA,NA,NA,NA,NA,7084.73614511489,7084.73614511489,NA,NA,NA,NA,0.0762505456805229,0,NA,NA,NA,NA,NA,NA,NA,NA,NA,NA,NA,NA,"No",0,0,0,21123,"Herring","Cod + Herring"
"F09","CH9_rep6",NA,NA,NA,"HEX",0,NA,"Manual","Droplets Analyzed Manually","DQ","Unknown","Unknown","ddPCR Supermix for Probes (no dUTP)","HEX",0,NA,NA,0.166877612471581,0,21123,0,21123,0,NA,NA,NA,NA,NA,NA,NA,2050,NA,NA,NA,9.30124453564473,"",NA,NA,NA,NA,NA,NA,NA,NA,NA,NA,NA,1345.68103203026,1345.68103203026,NA,NA,NA,NA,0.0762505456805229,0,NA,NA,NA,NA,NA,NA,NA,NA,NA,NA,NA,NA,"No",0,0,0,21123,"Cod","Cod + Herring"
"G01","CH7_rep1",NA,NA,NA,"FAM",0.201571241021156,NA,"Manual","Droplets Analyzed Manually","DQ","Unknown","Unknown","ddPCR Supermix for Probes (no dUTP)","FAM",4.03142499923706,NA,NA,0.534306585788727,0.0478364489972591,17511,3,17508,0,NA,NA,NA,NA,NA,NA,NA,8900.001953125,NA,NA,3.93652431951544,11.1340848867928,"HEX",NA,NA,NA,NA,NA,100,NA,NA,149.93333070653,50.0666692934696,10042.8857421875,7330.68534958796,7331.15000615684,NA,NA,NA,NA,0.345111042261124,0.104745551943779,NA,NA,NA,NA,NA,NA,NA,NA,NA,NA,122.815603904336,77.184396095664,"No",0,3,0,17508,"Herring","Cod + Herring"
"G01","CH7_rep1",NA,NA,NA,"HEX",0,NA,"Manual","Droplets Analyzed Manually","DQ","Unknown","Unknown","ddPCR Supermix for Probes (no dUTP)","HEX",0,NA,NA,0.201302468776703,0,17511,0,17511,0,NA,NA,NA,NA,NA,NA,NA,2050,NA,NA,NA,8.2658652500721,"",NA,NA,NA,NA,NA,NA,NA,NA,NA,NA,NA,1372.32754509108,1372.32754509108,NA,NA,NA,NA,0.0919793918728828,0,NA,NA,NA,NA,NA,NA,NA,NA,NA,NA,NA,NA,"No",0,3,0,17508,"Cod","Cod + Herring"
"G02","CH7_rep2",NA,NA,NA,"FAM",0.0691086202859879,NA,"Manual","Droplets Analyzed Manually","DQ","Unknown","Unknown","ddPCR Supermix for Probes (no dUTP)","FAM",1.38217234611511,NA,NA,0.330099374055862,0.00290248030796647,17024,1,17023,0,NA,NA,NA,NA,NA,NA,NA,8900,NA,NA,NA,11.1269300294371,"HEX",NA,NA,NA,NA,NA,100,NA,NA,249.808777910048,0,10300.333984375,7377.77854527813,7377.95021794255,NA,NA,NA,NA,0.172018885612488,0.0187280345708132,NA,NA,NA,NA,NA,NA,NA,NA,NA,NA,168.450737752655,31.5492622473452,"No",0,1,0,17023,"Herring","Cod + Herring"
"G02","CH7_rep2",NA,NA,NA,"HEX",0,NA,"Manual","Droplets Analyzed Manually","DQ","Unknown","Unknown","ddPCR Supermix for Probes (no dUTP)","HEX",0,NA,NA,0.207061558961868,0,17024,0,17024,0,NA,NA,NA,NA,NA,NA,NA,2050,NA,NA,NA,8.09224001750557,"",NA,NA,NA,NA,NA,NA,NA,NA,NA,NA,NA,1382.00744458249,1382.00744458249,NA,NA,NA,NA,0.094610720872879,0,NA,NA,NA,NA,NA,NA,NA,NA,NA,NA,NA,NA,"No",0,1,0,17023,"Cod","Cod + Herring"
"G03","CH7_rep3",NA,NA,NA,"FAM",0.0658441632986069,NA,"Manual","Droplets Analyzed Manually","DQ","Unknown","Unknown","ddPCR Supermix for Probes (no dUTP)","FAM",1.31688332557678,NA,NA,0.314504951238632,0.00276538077741861,17868,1,17867,0,0.499958008527756,NA,NA,1.79030143555115,0,2,NA,8900,NA,NA,NA,10.245628097888,"HEX",0.249979011553942,NA,NA,0.895150717775573,0,19.9986567168975,NA,NA,61.2910325639253,0,10251.330078125,7427.46094277443,7427.61898335734,NA,NA,NA,NA,0.163892969489098,0.0178434047847986,NA,NA,1.11058329929411,0,NA,NA,0.555291649647056,0,NA,NA,39.5393217544583,0.457991679336731,"No",0,1,4,17863,"Herring","Cod + Herring"
"G03","CH7_rep3",NA,NA,NA,"HEX",0.263398766517639,NA,"Manual","Droplets Analyzed Manually","DQ","Unknown","Unknown","ddPCR Supermix for Probes (no dUTP)","HEX",5.26797533035278,NA,NA,0.62112283706665,0.0794743672013283,17868,4,17864,0,NA,NA,NA,NA,NA,NA,NA,2050,NA,NA,11.3105288867495,7.86830107250485,"",NA,NA,NA,NA,NA,NA,NA,NA,NA,NA,4196.88342285156,1405.15063600245,1405.77560416607,NA,NA,NA,NA,0.420741826295853,0.151249527931213,NA,NA,NA,NA,NA,NA,NA,NA,NA,NA,NA,NA,"No",0,1,4,17863,"Cod","Cod + Herring"
"G04","CH7_rep4",NA,NA,NA,"FAM",0.306300759315491,NA,"Manual","Droplets Analyzed Manually","DQ","Unknown","Unknown","ddPCR Supermix for Probes (no dUTP)","FAM",6.12601518630981,NA,NA,0.66569322347641,0.107686258852482,19207,5,19202,0,2.50006508827209,NA,NA,5.9342240895759,0,2,NA,8900,NA,NA,8.83662874604461,11.7107091487882,"HEX",1.25003259553898,NA,NA,2.96711204478795,0,55.5561994087266,NA,NA,89.4728354579542,21.639563359499,9936.2396484375,7269.46326722355,7270.15748713848,NA,NA,NA,NA,0.466527819633484,0.187814176082611,NA,NA,4.21163568830492,0.788494693851019,NA,NA,2.10581784415246,0.39424734692551,NA,NA,72.4601096070674,38.6522892103858,"No",0,5,4,19198,"Herring","Cod + Herring"
"G04","CH7_rep4",NA,NA,NA,"HEX",0.245034217834473,NA,"Manual","Droplets Analyzed Manually","DQ","Unknown","Unknown","ddPCR Supermix for Probes (no dUTP)","HEX",4.90068435668945,NA,NA,0.577811121940613,0.0739336982369423,19207,4,19203,0,NA,NA,NA,NA,NA,NA,NA,2050,NA,NA,20.6266446590147,8.63519339253356,"",NA,NA,NA,NA,NA,NA,NA,NA,NA,NA,4026.7119140625,1361.69312401952,1362.24813392009,NA,NA,NA,NA,0.391405254602432,0.140704661607742,NA,NA,NA,NA,NA,NA,NA,NA,NA,NA,NA,NA,"No",0,5,4,19198,"Cod","Cod + Herring"
"G05","CH7_rep5",NA,NA,NA,"FAM",0.120706982910633,NA,"Manual","Droplets Analyzed Manually","DQ","Unknown","Unknown","ddPCR Supermix for Probes (no dUTP)","FAM",2.41413974761963,NA,NA,0.386668175458908,0.0182863101363182,19494,2,19492,0,1.33329916000366,NA,NA,3.92708564300032,0,2,NA,8900,NA,NA,13.3164346704734,10.8613581997209,"HEX",0.66664958998686,NA,NA,1.96354282150016,0,39.9993852332281,NA,NA,86.6884983168469,0,10125.2485351563,7313.65178918555,7313.94024683877,NA,NA,NA,NA,0.232070162892342,0.0523853078484535,NA,NA,2.6048132344215,0.0617851255259387,NA,NA,1.30240661721075,0.0308925627629694,NA,NA,62.8871072264454,17.1116632400108,"No",0,2,3,19489,"Herring","Cod + Herring"
"G05","CH7_rep5",NA,NA,NA,"HEX",0.181065112352371,NA,"Manual","Droplets Analyzed Manually","DQ","Unknown","Unknown","ddPCR Supermix for Probes (no dUTP)","HEX",3.62130212783813,NA,NA,0.479943871498108,0.0429702661931515,19494,3,19491,0,NA,NA,NA,NA,NA,NA,NA,2050,NA,NA,65.5885337965704,8.64970938402879,"",NA,NA,NA,NA,NA,NA,NA,NA,NA,NA,4086.91251627604,1363.94341962416,1364.36246688434,NA,NA,NA,NA,0.310000479221344,0.0940900295972824,NA,NA,NA,NA,NA,NA,NA,NA,NA,NA,NA,NA,"No",0,2,3,19489,"Cod","Cod + Herring"
"G06","CH7_rep6",NA,NA,NA,"FAM",0.398510903120041,NA,"Manual","Droplets Analyzed Manually","DQ","Unknown","Unknown","ddPCR Supermix for Probes (no dUTP)","FAM",7.97021818161011,NA,NA,0.814700365066528,0.156067356467247,17716,6,17710,0,6.00067710876465,NA,NA,16.413910511094,0,2,NA,8900,NA,NA,9.44979809237381,11.9351919585459,"HEX",3.00033858632022,NA,NA,8.20695525554699,0,75.0021159853904,NA,NA,107.537961838776,42.4662701320051,10121.0270182292,7329.52062019163,7330.46603893109,NA,NA,NA,NA,0.585857629776001,0.256160587072372,NA,NA,11.1104516978624,0.890902647418482,NA,NA,5.55522584893119,0.445451323709241,NA,NA,90.9674584390405,59.0367735317404,"No",0,6,2,17708,"Herring","Cod + Herring"
"G06","CH7_rep6",NA,NA,NA,"HEX",0.132821977138519,NA,"Manual","Droplets Analyzed Manually","DQ","Unknown","Unknown","ddPCR Supermix for Probes (no dUTP)","HEX",2.65643954277039,NA,NA,0.425481706857681,0.0201215650886297,17716,2,17714,0,NA,NA,NA,NA,NA,NA,NA,2050,NA,NA,673.071611617312,8.5777177689028,"",NA,NA,NA,NA,NA,NA,NA,NA,NA,NA,4358.42529296875,1353.93208326598,1354.271267417,NA,NA,NA,NA,0.255363523960114,0.0576428920030594,NA,NA,NA,NA,NA,NA,NA,NA,NA,NA,NA,NA,"No",0,6,2,17708,"Cod","Cod + Herring"
"G07","CH7_rep7",NA,NA,NA,"FAM",0.382364094257355,NA,"Manual","Droplets Analyzed Manually","DQ","Unknown","Unknown","ddPCR Supermix for Probes (no dUTP)","FAM",7.64728164672852,NA,NA,0.781684875488281,0.149744465947151,18464,6,18458,0,6.00065040588379,NA,NA,16.4137711909779,0,2,NA,8900,NA,NA,2.29296169055012,13.0860216074013,"HEX",3.0003251713873,NA,NA,8.20688559548894,0,75.0020321559709,NA,NA,107.537744750192,42.4663195617494,9576.94091796875,7139.11514154918,7139.90732930149,NA,NA,NA,NA,0.562118113040924,0.245782122015953,NA,NA,11.1103814737318,0.890919211817451,NA,NA,5.55519073686588,0.445459605908725,NA,NA,90.9673461030624,59.0367182088794,"No",0,6,2,18456,"Herring","Cod + Herring"
"G07","CH7_rep7",NA,NA,NA,"HEX",0.127440884709358,NA,"Manual","Droplets Analyzed Manually","DQ","Unknown","Unknown","ddPCR Supermix for Probes (no dUTP)","HEX",2.54881763458252,NA,NA,0.408241897821426,0.0193064082413912,18464,2,18462,0,NA,NA,NA,NA,NA,NA,NA,2050,NA,NA,86.7171015742937,9.54719869091804,"",NA,NA,NA,NA,NA,NA,NA,NA,NA,NA,4013.4140625,1297.72506476828,1298.01922518831,NA,NA,NA,NA,0.245017364621162,0.055307649075985,NA,NA,NA,NA,NA,NA,NA,NA,NA,NA,NA,NA,"No",0,6,2,18456,"Cod","Cod + Herring"
"G08","CH7_rep8",NA,NA,NA,"FAM",0.124388940632343,NA,"Manual","Droplets Analyzed Manually","DQ","Unknown","Unknown","ddPCR Supermix for Probes (no dUTP)","FAM",2.48777890205383,NA,NA,0.398464202880859,0.0188440792262554,18917,2,18915,0,4.00010585784912,NA,NA,15.2661476245917,0,2,NA,8900,NA,NA,9.86405063749856,12.7693696600455,"HEX",2.00005283094815,NA,NA,7.63307381229585,0,66.6672536668644,NA,NA,129.254171311628,4.08033602210055,9697.45166015625,7185.30001579847,7185.56561305431,NA,NA,NA,NA,0.239149391651154,0.0539831854403019,NA,NA,9.34287999413046,0,NA,NA,4.67143999706523,0,NA,NA,96.3482878963957,36.9862194373332,"No",0,2,1,18914,"Herring","Cod + Herring"
"G08","CH7_rep8",NA,NA,NA,"HEX",0.06219282746315,NA,"Manual","Droplets Analyzed Manually","DQ","Unknown","Unknown","ddPCR Supermix for Probes (no dUTP)","HEX",1.243856549263,NA,NA,0.297062575817108,0.00261203246191144,18917,1,18916,0,NA,NA,NA,NA,NA,NA,NA,2050,NA,NA,NA,9.21102020673398,"",NA,NA,NA,NA,NA,NA,NA,NA,NA,NA,4043.19311523438,1320.16339098422,1320.30733715561,NA,NA,NA,NA,0.154804050922394,0.0168539304286242,NA,NA,NA,NA,NA,NA,NA,NA,NA,NA,NA,NA,"No",0,2,1,18914,"Cod","Cod + Herring"
"G09","CH9_rep7",NA,NA,NA,"FAM",0,NA,"Manual","Droplets Analyzed Manually","DQ","Unknown","Unknown","ddPCR Supermix for Probes (no dUTP)","FAM",0,NA,NA,0.184766888618469,0,19078,0,19078,0,NA,NA,NA,NA,NA,NA,NA,8900,NA,NA,NA,15.3351475036235,"HEX",NA,NA,NA,NA,NA,NA,NA,NA,NA,NA,NA,7011.85048947393,7011.85048947393,NA,NA,NA,NA,0.0844242572784424,0,NA,NA,NA,NA,NA,NA,NA,NA,NA,NA,NA,NA,"No",0,0,0,19078,"Herring","Cod + Herring"
"G09","CH9_rep7",NA,NA,NA,"HEX",0,NA,"Manual","Droplets Analyzed Manually","DQ","Unknown","Unknown","ddPCR Supermix for Probes (no dUTP)","HEX",0,NA,NA,0.184766888618469,0,19078,0,19078,0,NA,NA,NA,NA,NA,NA,NA,2050,NA,NA,NA,9.83097087038752,"",NA,NA,NA,NA,NA,NA,NA,NA,NA,NA,NA,1317.44664918208,1317.44664918208,NA,NA,NA,NA,0.0844242572784424,0,NA,NA,NA,NA,NA,NA,NA,NA,NA,NA,NA,NA,"No",0,0,0,19078,"Cod","Cod + Herring"
"H01","CH8_rep1",NA,NA,NA,"FAM",0.0609870478510857,NA,"Manual","Droplets Analyzed Manually","DQ","Unknown","Unknown","ddPCR Supermix for Probes (no dUTP)","FAM",1.21974098682404,NA,NA,0.291302621364594,0.00256139226257801,19291,1,19290,0,NA,NA,NA,NA,NA,NA,NA,8900.001953125,NA,NA,NA,10.4219869189587,"HEX",NA,NA,NA,NA,NA,100,NA,NA,249.807740305072,0,10775.03515625,7387.66980898053,7387.84540202118,NA,NA,NA,NA,0.151802614331245,0.0165271777659655,NA,NA,NA,NA,NA,NA,NA,NA,NA,NA,168.45064524125,31.5493547587497,"No",0,1,0,19290,"Herring","Cod + Herring"
"H01","CH8_rep1",NA,NA,NA,"HEX",0,NA,"Manual","Droplets Analyzed Manually","DQ","Unknown","Unknown","ddPCR Supermix for Probes (no dUTP)","HEX",0,NA,NA,0.182726636528969,0,19291,0,19291,0,NA,NA,NA,NA,NA,NA,NA,2050,NA,NA,NA,7.93725847654466,"",NA,NA,NA,NA,NA,NA,NA,NA,NA,NA,NA,1405.92453658335,1405.92453658335,NA,NA,NA,NA,0.0834920555353165,0,NA,NA,NA,NA,NA,NA,NA,NA,NA,NA,NA,NA,"No",0,1,0,19290,"Cod","Cod + Herring"
"H02","CH8_rep2",NA,NA,NA,"FAM",0.0597208328545094,NA,"Manual","Droplets Analyzed Manually","DQ","Unknown","Unknown","ddPCR Supermix for Probes (no dUTP)","FAM",1.19441664218903,NA,NA,0.285254061222076,0.00250821420922875,19700,1,19699,0,NA,NA,NA,NA,NA,NA,NA,8900,NA,NA,NA,10.0829521494842,"HEX",NA,NA,NA,NA,NA,100,NA,NA,249.807603166552,0,10185.7412109375,7457.53352706772,7457.67201476741,NA,NA,NA,NA,0.148650780320168,0.0161840468645096,NA,NA,NA,NA,NA,NA,NA,NA,NA,NA,168.450637067531,31.5493629324687,"No",0,1,0,19699,"Herring","Cod + Herring"
"H02","CH8_rep2",NA,NA,NA,"HEX",0,NA,"Manual","Droplets Analyzed Manually","DQ","Unknown","Unknown","ddPCR Supermix for Probes (no dUTP)","HEX",0,NA,NA,0.178932696580887,0,19700,0,19700,0,NA,NA,NA,NA,NA,NA,NA,2050,NA,NA,NA,7.83165693742593,"",NA,NA,NA,NA,NA,NA,NA,NA,NA,NA,NA,1414.31427291948,1414.31427291948,NA,NA,NA,NA,0.0817585811018944,0,NA,NA,NA,NA,NA,NA,NA,NA,NA,NA,NA,NA,"No",0,1,0,19699,"Cod","Cod + Herring"
"H03","CH8_rep3",NA,NA,NA,"FAM",0.116933763027191,NA,"Manual","Droplets Analyzed Manually","DQ","Unknown","Unknown","ddPCR Supermix for Probes (no dUTP)","FAM",2.33867526054382,NA,NA,0.374579846858978,0.0177147183567286,20123,2,20121,0,4.00009965896606,NA,NA,15.266052619628,0,2,NA,8900,NA,NA,10.0574843332716,10.0543228863115,"HEX",2.00004982734697,NA,NA,7.633026309814,0,66.6672202946599,NA,NA,129.253768845915,4.08067174340504,10014.34765625,7324.31013396782,7324.57749345917,NA,NA,NA,NA,0.224815458059311,0.0507478229701519,NA,NA,9.34284871730745,0,NA,NA,4.67142435865373,0,NA,NA,96.3481735744422,36.9862670148777,"No",0,2,1,20120,"Herring","Cod + Herring"
"H03","CH8_rep3",NA,NA,NA,"HEX",0.0584654249250889,NA,"Manual","Droplets Analyzed Manually","DQ","Unknown","Unknown","ddPCR Supermix for Probes (no dUTP)","HEX",1.16930854320526,NA,NA,0.279257088899612,0.00245548970997334,20123,1,20122,0,NA,NA,NA,NA,NA,NA,NA,2050,NA,NA,NA,8.14792168205932,"",NA,NA,NA,NA,NA,NA,NA,NA,NA,NA,4080.447265625,1380.26213062962,1380.39631465462,NA,NA,NA,NA,0.145525842905045,0.0158438440412283,NA,NA,NA,NA,NA,NA,NA,NA,NA,NA,NA,NA,"No",0,2,1,20120,"Cod","Cod + Herring"
"H04","CH8_rep4",NA,NA,NA,"FAM",0.114032238721848,NA,"Manual","Droplets Analyzed Manually","DQ","Unknown","Unknown","ddPCR Supermix for Probes (no dUTP)","FAM",2.28064489364624,NA,NA,0.365284264087677,0.0172751732170582,20635,2,20633,0,NA,NA,NA,NA,NA,NA,NA,8900,NA,NA,14.2504376305833,12.0881014999307,"HEX",NA,NA,NA,NA,NA,100,NA,NA,174.90181081555,25.0981891844496,10132.2314453125,7216.66923750504,7216.95182167832,NA,NA,NA,NA,0.219236776232719,0.0494886338710785,NA,NA,NA,NA,NA,NA,NA,NA,NA,NA,134.224474666955,65.7755253330448,"No",0,2,0,20633,"Herring","Cod + Herring"
"H04","CH8_rep4",NA,NA,NA,"HEX",0,NA,"Manual","Droplets Analyzed Manually","DQ","Unknown","Unknown","ddPCR Supermix for Probes (no dUTP)","HEX",0,NA,NA,0.17082442343235,0,20635,0,20635,0,NA,NA,NA,NA,NA,NA,NA,2050,NA,NA,NA,8.8269071091247,"",NA,NA,NA,NA,NA,NA,NA,NA,NA,NA,NA,1350.94015159672,1350.94015159672,NA,NA,NA,NA,0.0780538693070412,0,NA,NA,NA,NA,NA,NA,NA,NA,NA,NA,NA,NA,"No",0,2,0,20633,"Cod","Cod + Herring"
"H05","CH8_rep5",NA,NA,NA,"FAM",0.0576263405382633,NA,"Manual","Droplets Analyzed Manually","DQ","Unknown","Unknown","ddPCR Supermix for Probes (no dUTP)","FAM",1.15252685546875,NA,NA,0.275248855352402,0.0024202496279031,20416,1,20415,0,2,NA,NA,8.69551303822139,0,2,NA,8900,NA,NA,NA,12.2706000451531,"HEX",1,NA,NA,4.34775651911069,0,50,NA,NA,133.693912977767,0,9657.708984375,7023.29241877884,7023.4214556404,NA,NA,NA,NA,0.143437206745148,0.0156164597719908,NA,NA,5.13686123799708,0,NA,NA,2.56843061899854,0,NA,NA,89.2107654749636,10.7892345250364,"No",0,1,1,20414,"Herring","Cod + Herring"
"H05","CH8_rep5",NA,NA,NA,"HEX",0.0576263405382633,NA,"Manual","Droplets Analyzed Manually","DQ","Unknown","Unknown","ddPCR Supermix for Probes (no dUTP)","HEX",1.15252685546875,NA,NA,0.275248855352402,0.0024202496279031,20416,1,20415,0,NA,NA,NA,NA,NA,NA,NA,2050,NA,NA,NA,9.77039716501344,"",NA,NA,NA,NA,NA,NA,NA,NA,NA,NA,4053.38671875,1288.23097448225,1288.36641510452,NA,NA,NA,NA,0.143437206745148,0.0156164597719908,NA,NA,NA,NA,NA,NA,NA,NA,NA,NA,NA,NA,"No",0,1,1,20414,"Cod","Cod + Herring"
"H06","CH8_rep6",NA,NA,NA,"FAM",0.231931105256081,NA,"Manual","Droplets Analyzed Manually","DQ","Unknown","Unknown","ddPCR Supermix for Probes (no dUTP)","FAM",4.63862228393555,NA,NA,0.546908795833588,0.0699803978204727,20292,4,20288,0,8.00059127807617,NA,NA,28.6490510409956,0,2,NA,8900,NA,NA,6.04102092947953,12.4825037240266,"HEX",4.00029556366014,NA,NA,14.3245255204978,0,80.0011821847584,NA,NA,121.293220097478,38.7091442720392,10067.4145507813,7242.48344844975,7243.04030457084,NA,NA,NA,NA,0.370473772287369,0.133180841803551,NA,NA,17.7720629077998,0,NA,NA,8.8860314538999,0,NA,NA,99.5418154769974,60.4605488925194,"No",0,4,1,20287,"Herring","Cod + Herring"
"H06","CH8_rep6",NA,NA,NA,"HEX",0.0579784922301769,NA,"Manual","Droplets Analyzed Manually","DQ","Unknown","Unknown","ddPCR Supermix for Probes (no dUTP)","HEX",1.1595698595047,NA,NA,0.276931047439575,0.002435039030388,20292,1,20291,0,NA,NA,NA,NA,NA,NA,NA,2050,NA,NA,NA,8.95614063026918,"",NA,NA,NA,NA,NA,NA,NA,NA,NA,NA,3987.84790039063,1349.9457672241,1350.07576437239,NA,NA,NA,NA,0.144313767552376,0.0157118886709213,NA,NA,NA,NA,NA,NA,NA,NA,NA,NA,NA,NA,"No",0,4,1,20287,"Cod","Cod + Herring"
"H07","CH8_rep7",NA,NA,NA,"FAM",0.237574845552444,NA,"Manual","Droplets Analyzed Manually","DQ","Unknown","Unknown","ddPCR Supermix for Probes (no dUTP)","FAM",4.7514967918396,NA,NA,0.560218870639801,0.0716831535100937,19810,4,19806,0,8.00060653686523,NA,NA,28.6491579212,0,2,NA,8900,NA,NA,4.502820305713,12.8893518941336,"HEX",4.0003030955008,NA,NA,14.3245789606,0,80.0012123085141,NA,NA,121.293309437632,38.7091151793958,9801.94311523438,7125.81087777023,7126.35123763645,NA,NA,NA,NA,0.379489302635193,0.136421486735344,NA,NA,17.7721091455004,0,NA,NA,8.88605457275018,0,NA,NA,99.5418490740716,60.4605755429567,"No",0,4,1,19805,"Herring","Cod + Herring"
"H07","CH8_rep7",NA,NA,NA,"HEX",0.0593892112374306,NA,"Manual","Droplets Analyzed Manually","DQ","Unknown","Unknown","ddPCR Supermix for Probes (no dUTP)","HEX",1.18778419494629,NA,NA,0.283669918775558,0.00249428651295602,19810,1,19809,0,NA,NA,NA,NA,NA,NA,NA,2050,NA,NA,NA,9.62786822430328,"",NA,NA,NA,NA,NA,NA,NA,NA,NA,NA,3914.33203125,1304.19493787127,1304.32669643227,NA,NA,NA,NA,0.147825300693512,0.0160941798239946,NA,NA,NA,NA,NA,NA,NA,NA,NA,NA,NA,NA,"No",0,4,1,19805,"Cod","Cod + Herring"
"H08","CH8_rep8",NA,NA,NA,"FAM",0.178005889058113,NA,"Manual","Droplets Analyzed Manually","DQ","Unknown","Unknown","ddPCR Supermix for Probes (no dUTP)","FAM",3.56011772155762,NA,NA,0.471833854913712,0.0422442965209484,19829,3,19826,0,NA,NA,NA,NA,NA,NA,NA,8900,NA,NA,5.46492904063627,14.1347989137708,"HEX",NA,NA,NA,NA,NA,100,NA,NA,149.933332066498,50.0666679335025,9567.1123046875,7031.7857522063,7032.16933078603,NA,NA,NA,NA,0.30476251244545,0.0925003662705421,NA,NA,NA,NA,NA,NA,NA,NA,NA,NA,122.815727370677,77.1842726293225,"No",0,3,0,19826,"Herring","Cod + Herring"
"H08","CH8_rep8",NA,NA,NA,"HEX",0,NA,"Manual","Droplets Analyzed Manually","DQ","Unknown","Unknown","ddPCR Supermix for Probes (no dUTP)","HEX",0,NA,NA,0.177768543362617,0,19829,0,19829,0,NA,NA,NA,NA,NA,NA,NA,2050,NA,NA,NA,9.90278502037898,"",NA,NA,NA,NA,NA,NA,NA,NA,NA,NA,NA,1284.08594671576,1284.08594671576,NA,NA,NA,NA,0.0812266767024994,0,NA,NA,NA,NA,NA,NA,NA,NA,NA,NA,NA,NA,"No",0,3,0,19826,"Cod","Cod + Herring"
"H09","CH9_rep8",NA,NA,NA,"FAM",0.0563349314033985,NA,"Manual","Droplets Analyzed Manually","DQ","Unknown","Unknown","ddPCR Supermix for Probes (no dUTP)","FAM",1.12669861316681,NA,NA,0.269079983234406,0.00236601289361715,20884,1,20883,0,2,NA,NA,8.69549966129121,0,2,NA,8900,NA,NA,NA,16.0296481487954,"HEX",1,NA,NA,4.34774983064561,0,50,NA,NA,133.69374576614,0,9664.3046875,6902.66969240643,6902.8019292861,NA,NA,NA,NA,0.140222653746605,0.0152665004134178,NA,NA,5.13685811526709,0,NA,NA,2.56842905763354,0,NA,NA,89.2107264408386,10.7892735591614,"No",0,1,1,20882,"Herring","Cod + Herring"
"H09","CH9_rep8",NA,NA,NA,"HEX",0.0563349314033985,NA,"Manual","Droplets Analyzed Manually","DQ","Unknown","Unknown","ddPCR Supermix for Probes (no dUTP)","HEX",1.12669861316681,NA,NA,0.269079983234406,0.00236601289361715,20884,1,20883,0,NA,NA,NA,NA,NA,NA,NA,2050,NA,NA,NA,10.1040223807316,"",NA,NA,NA,NA,NA,NA,NA,NA,NA,NA,3845.82446289063,1296.08476135958,1296.20685194096,NA,NA,NA,NA,0.140222653746605,0.0152665004134178,NA,NA,NA,NA,NA,NA,NA,NA,NA,NA,NA,NA,"No",0,1,1,20882,"Cod","Cod + Herring"
